Constituency,PANO,ONSConstID,Constituency,Estimated declaration time,Day,Day/Time,CON,LAB,LIBDEM,GRN,SNP,PC,BXP,UKIP,OTHER,Reported Turnout
Houghton & Sunderland South,320,E14000754,Houghton & Sunderland South,23:00,4-Thursday,4-Thursday 23:00,13095,16210,2319,1125,,,6165,897,0,58.00%
Newcastle upon Tyne Central,414,E14000831,Newcastle upon Tyne Central,23:00,4-Thursday,4-Thursday 23:00,9290,21568,2709,1365,,,2542,,0,65.00%
Newcastle upon Tyne East,415,E14000832,Newcastle upon Tyne East,00:00,5-Friday,5-Friday 00:00,10586,26049,4535,2195,,,,,0,68.00%
Newcastle upon Tyne North,416,E14000833,Newcastle upon Tyne North,00:00,5-Friday,5-Friday 00:00,15589,21354,4357,1368,,,4331,,0,69.00%
Sunderland Central,551,E14000982,Sunderland Central,00:00,5-Friday,5-Friday 00:00,15372,18336,3025,1212,,,5047,,484,60.00%
Washington & Sunderland West,603,E14001020,Washington & Sunderland West,00:00,5-Friday,5-Friday 00:00,12218,15941,2071,1005,,,5439,839,0,57.00%
Halton,285,E14000725,Halton,00:30,5-Friday,5-Friday 00:30,10358,29333,1800,982,,,3730,,0,64.00%
Basildon & Billericay,32,E14000544,Basildon & Billericay,01:00,5-Friday,5-Friday 01:00,29590,9178,3741,1395,,,,,224,
Broxbourne,106,E14000606,Broxbourne,01:00,5-Friday,5-Friday 01:00,30631,10824,3970,1281,,,,,0,64.00%
Jarrow,337,E14000765,Jarrow,01:00,5-Friday,5-Friday 01:00,11243,18363,2360,831,,,4122,,826,63.00%
Makerfield,385,E14000805,Makerfield,01:00,5-Friday,5-Friday 01:00,15214,19954,2108,1166,,,5817,,0,60.00%
Middlesbrough,394,E14000819,Middlesbrough,01:00,5-Friday,5-Friday 01:00,8812,17202,816,546,,,216,,4548,53.00%
South Shields,522,E14000944,South Shields,01:00,5-Friday,5-Friday 01:00,7688,17273,1514,1303,,,6446,,3658,60.00%
Wigan,618,E14001039,Wigan,01:00,5-Friday,5-Friday 01:00,14314,21042,2428,1299,,,5959,,0,
Workington,636,E14001053,Workington,01:00,5-Friday,5-Friday 01:00,20488,16312,1525,596,,,1749,,87,68.00%
Down North,202,N06000013,Down North,01:00,5-Friday,5-Friday 01:00,1959,,,,,,,,38684,
Rutherglen & Hamilton West,487,S14000056,Rutherglen & Hamilton West,01:00,5-Friday,5-Friday 01:00,8054,18545,2791,,23775,,,629,0,66.00%
Darlington,176,E14000658,Darlington,01:30,5-Friday,5-Friday 01:30,20901,17607,2097,1057,,,1544,,292,66.00%
Nuneaton,435,E14000868,Nuneaton,01:30,5-Friday,5-Friday 01:30,27390,14246,1862,1692,,,,,0,64.00%
Kilmarnock & Loudoun,342,S14000040,Kilmarnock & Loudoun,01:30,5-Friday,5-Friday 01:30,11557,9009,2444,,24216,,,,405,
Swansea West,559,W07000047,Swansea West,01:30,5-Friday,5-Friday 01:30,10377,18493,2993,,,1984,1983,,0,
Battersea,38,E14000549,Battersea,02:00,5-Friday,5-Friday 02:00,21622,27290,9150,1529,,,386,,0,
Birkenhead,56,E14000559,Birkenhead,02:00,5-Friday,5-Friday 02:00,5540,24990,1620,1405,,,1489,,7285,
Blackburn,67,E14000570,Blackburn,02:00,5-Friday,5-Friday 02:00,10736,29040,1130,741,,,2770,,319,
Blaydon,72,E14000574,Blaydon,02:00,5-Friday,5-Friday 02:00,14263,19794,3703,1279,,,5833,,809,
Bootle,79,E14000581,Bootle,02:00,5-Friday,5-Friday 02:00,4510,39066,1822,1166,,,2610,,0,
Bracknell,84,E14000586,Bracknell,02:00,5-Friday,5-Friday 02:00,31894,12065,7749,2089,,,,,553,
Burnley,109,E14000609,Burnley,02:00,5-Friday,5-Friday 02:00,15720,14368,3501,739,,,3362,,1294,
Burton,110,E14000610,Burton,02:00,5-Friday,5-Friday 02:00,29560,15064,2681,1433,,,,,0,
Bury North,111,E14000611,Bury North,02:00,5-Friday,5-Friday 02:00,21660,21555,1584,802,,,1240,,,68.10%
Bury South,112,E14000612,Bury South,02:00,5-Friday,5-Friday 02:00,22034,21632,2315,848,,,1672,,407,
Cannock Chase,124,E14000618,Cannock Chase,02:00,5-Friday,5-Friday 02:00,31636,11757,,2920,,,,,0,
Carlisle,130,E14000620,Carlisle,02:00,5-Friday,5-Friday 02:00,23659,15340,2829,,,,,1045,0,
Castle Point,134,E14000622,Castle Point,02:00,5-Friday,5-Friday 02:00,33971,7337,2969,,,,,,0,
Surrey East,552,E14000681,Surrey East,02:00,5-Friday,5-Friday 02:00,35624,8247,11584,2340,,,,,1895,
Folkestone & Hythe,253,E14000704,Folkestone & Hythe,02:00,5-Friday,5-Friday 02:00,35483,14146,5755,2706,,,,,915,
Fylde,256,E14000706,Fylde,02:00,5-Friday,5-Friday 02:00,28432,11821,3748,1731,,,,,927,70.00%
Gateshead,259,E14000709,Gateshead,02:00,5-Friday,5-Friday 02:00,13250,20450,2792,1653,,,,,0,59.00%
Harlow,292,E14000729,Harlow,02:00,5-Friday,5-Friday 02:00,27510,13447,2397,,,,,,0,
Hartlepool,296,E14000733,Hartlepool,02:00,5-Friday,5-Friday 02:00,11869,15464,1696,,,,10603,,1405,
Hertsmere,311,E14000745,Hertsmere,02:00,5-Friday,5-Friday 02:00,32651,11338,6561,1653,,,,,0,
Huntingdon,326,E14000757,Huntingdon,02:00,5-Friday,5-Friday 02:00,32386,13003,9432,2233,,,,,304,
Kettering,341,E14000769,Kettering,02:00,5-Friday,5-Friday 02:00,29787,13022,3367,1543,,,,,1642,67.00%
Hull North,324,E14000772,Hull North,02:00,5-Friday,5-Friday 02:00,9440,17033,2084,875,,,4771,,0,
Knowsley,346,E14000775,Knowsley,02:00,5-Friday,5-Friday 02:00,4432,44374,1117,1262,,,3348,,405,65.00%
Leigh,361,E14000785,Leigh,02:00,5-Friday,5-Friday 02:00,21266,19301,2252,,,,3161,448,551,
Swindon North,560,E14000851,Swindon North,02:00,5-Friday,5-Friday 02:00,32584,16413,4408,1710,,,,,0,67.00%
Tyneside North,583,E14000853,Tyneside North,02:00,5-Friday,5-Friday 02:00,15490,25051,3241,1393,,,5254,,0,
Warwickshire North,602,E14000854,Warwickshire North,02:00,5-Friday,5-Friday 02:00,30249,12293,2069,1303,,,,,0,
Leicestershire North West,359,E14000858,Leicestershire North West,02:00,5-Friday,5-Friday 02:00,33811,13411,3614,2478,,,,,507,68.20%
Putney,462,E14000887,Putney,02:00,5-Friday,5-Friday 02:00,18006,22780,8548,1133,,,,,0,
Rugby,483,E14000905,Rugby,02:00,5-Friday,5-Friday 02:00,29225,15808,4207,1544,,,,,0,
Runnymede & Weybridge,485,E14000907,Runnymede & Weybridge,02:00,5-Friday,5-Friday 02:00,29262,10992,9236,1876,,,,476,1447,69.00%
Rushcliffe,486,E14000908,Rushcliffe,02:00,5-Friday,5-Friday 02:00,28765,21122,9600,,,,,591,427,
Sefton Central,500,E14000916,Sefton Central,02:00,5-Friday,5-Friday 02:00,14132,29254,3386,1261,,,2425,,422,
Basildon South & Thurrock East,33,E14000933,Basildon South & Thurrock East,02:00,5-Friday,5-Friday 02:00,29973,10051,1957,,,,,,3316,61.00%
Norfolk South,424,E14000941,Norfolk South,02:00,5-Friday,5-Friday 02:00,36258,14983,8744,2499,,,,,,72.50%
St Helens North,492,E14000962,St Helens North,02:00,5-Friday,5-Friday 02:00,12661,24870,2668,1966,,,5396,,0,
St Helens South & Whiston,493,E14000963,St Helens South & Whiston,02:00,5-Friday,5-Friday 02:00,10335,29457,2886,2282,,,5353,,0,
Stockton North,535,E14000970,Stockton North,02:00,5-Friday,5-Friday 02:00,16701,17728,1631,,,,3907,,1189,
Stockton South,536,E14000971,Stockton South,02:00,5-Friday,5-Friday 02:00,27764,22504,2338,,,,2196,,0,
Tamworth,562,E14000986,Tamworth,02:00,5-Friday,5-Friday 02:00,30542,10908,2426,935,,,,814,431,
Thurrock,571,E14000995,Thurrock,02:00,5-Friday,5-Friday 02:00,27795,16313,1510,807,,,,,1042,59.60%
Tooting,574,E14000998,Tooting,02:00,5-Friday,5-Friday 02:00,16504,30811,8305,2314,,,462,,77,
Tynemouth,582,E14001006,Tynemouth,02:00,5-Friday,5-Friday 02:00,22071,26928,3791,1281,,,1963,,0,
Wallasey,592,E14001010,Wallasey,02:00,5-Friday,5-Friday 02:00,11579,29901,1843,1132,,,2037,,0,
Warley,598,E14001016,Warley,02:00,5-Friday,5-Friday 02:00,10390,21901,1588,891,,,2469,,0,
Wellingborough,608,E14001025,Wellingborough,02:00,5-Friday,5-Friday 02:00,32277,13737,4078,1821,,,,,0,
West Bromwich East,612,E14001029,West Bromwich East,02:00,5-Friday,5-Friday 02:00,16804,15211,1313,627,,,1475,,545,
West Bromwich West,613,E14001030,West Bromwich West,02:00,5-Friday,5-Friday 02:00,17419,13620,915,664,,,1841,,0,
Wirral South,624,E14001043,Wirral South,02:00,5-Friday,5-Friday 02:00,16179,22284,2917,948,,,1219,,0,
Wirral West,625,E14001044,Wirral West,02:00,5-Friday,5-Friday 02:00,17692,20695,2706,965,,,860,,0,
Wolverhampton North East,630,E14001049,Wolverhampton North East,02:00,5-Friday,5-Friday 02:00,17722,13642,960,603,,,1354,,0,
Wycombe,642,E14001056,Wycombe,02:00,5-Friday,5-Friday 02:00,24766,20552,6543,1454,,,,324,1117,
Yeovil,646,E14001060,Yeovil,02:00,5-Friday,5-Friday 02:00,34588,3761,18407,1629,,,,,875,71.90%
Belfast West,48,N06000004,Belfast West,02:00,5-Friday,5-Friday 02:00,,,,,,,,,38782,
Londonderry East,376,N06000006,Londonderry East,02:00,5-Friday,5-Friday 02:00,,,,,,,,,39302,
Lagan Valley,347,N06000009,Lagan Valley,02:00,5-Friday,5-Friday 02:00,,,,,,,,,,
Strangford,542,N06000016,Strangford,02:00,5-Friday,5-Friday 02:00,1476,,,790,,,,308,34911,
"East Kilbride, Strathaven & Lesmahagow",223,S14000019,"East Kilbride, Strathaven & Lesmahagow",02:00,5-Friday,5-Friday 02:00,11961,12791,3760,1153,26113,,,559,0,
Lanark & Hamilton East,348,S14000042,Lanark & Hamilton East,02:00,5-Friday,5-Friday 02:00,17056,10736,3037,,22243,,,,0,
Midlothian,396,S14000045,Midlothian,02:00,5-Friday,5-Friday 02:00,10467,14328,3393,,20033,,,,0,
Dunbartonshire West,210,S14000059,Dunbartonshire West,02:00,5-Friday,5-Friday 02:00,6436,12843,1890,867,22396,,,,708,
Wrexham,641,W07000044,Wrexham,02:00,5-Friday,5-Friday 02:00,15199,13068,1447,445,,2151,1222,,0,
Llanelli,375,W07000045,Llanelli,02:00,5-Friday,5-Friday 02:00,11455,16125,,,,7048,3605,,0,
Swansea East,558,W07000048,Swansea East,02:00,5-Friday,5-Friday 02:00,9435,17405,1409,583,,1905,2842,,0,
Aberavon,1,W07000049,Aberavon,02:00,5-Friday,5-Friday 02:00,6518,17008,1072,450,,2711,3108,,731,
Torfaen,576,W07000053,Torfaen,02:00,5-Friday,5-Friday 02:00,11804,15546,1831,812,,1441,5742,,0,60.20%
Newport East,417,W07000055,Newport East,02:00,5-Friday,5-Friday 02:00,14133,16125,2121,577,,872,2454,,0,
Newport West,418,W07000056,Newport West,02:00,5-Friday,5-Friday 02:00,18075,18977,2565,902,,1187,1727,,0,
Arfon,16,W07000057,Arfon,02:00,5-Friday,5-Friday 02:00,4428,10353,,,,13134,1159,,0,
Dwyfor Meirionnydd,217,W07000061,Dwyfor Meirionnydd,02:00,5-Friday,5-Friday 02:00,9707,3998,,,,14447,1776,,0,
Clwyd South,154,W07000062,Clwyd South,02:00,5-Friday,5-Friday 02:00,16222,14983,1496,,,2137,1468,,0,
Blaenau Gwent,71,W07000072,Blaenau Gwent,02:00,5-Friday,5-Friday 02:00,5749,14862,1285,386,,1722,6215,,0,
Pontypridd,454,W07000075,Pontypridd,02:00,5-Friday,5-Friday 02:00,11494,17381,,,,4990,2917,,149,
Caerphilly,114,W07000076,Caerphilly,02:00,5-Friday,5-Friday 02:00,11185,18018,,,,6424,4490,,0,
Islwyn,336,W07000077,Islwyn,02:00,5-Friday,5-Friday 02:00,9892,15356,1313,669,,2286,4834,,0,
Vale of Glamorgan,589,W07000078,Vale of Glamorgan,02:00,5-Friday,5-Friday 02:00,27305,23743,,3251,,,,,508,
Barnsley Central,29,E14000541,Barnsley Central,02:30,5-Friday,5-Friday 02:30,7892,14804,1176,900,,,11233,,898,
Barnsley East,30,E14000542,Barnsley East,02:30,5-Friday,5-Friday 02:30,10377,14329,1330,922,,,11112,,0,
Chichester,145,E14000633,Chichester,02:30,5-Friday,5-Friday 02:30,35402,9069,13912,2527,,,,,333,
Chorley,149,E14000637,Chorley,02:30,5-Friday,5-Friday 02:30,,,,3600,,,,,36270,51.00%
Dover,201,E14000670,Dover,02:30,5-Friday,5-Friday 02:30,28830,16552,2895,1371,,,,,1053,
Epping Forest,239,E14000693,Epping Forest,02:30,5-Friday,5-Friday 02:30,32364,10191,5387,1975,,,,,351,
Gainsborough,257,E14000707,Gainsborough,02:30,5-Friday,5-Friday 02:30,33893,10926,5157,,,,,,1070,
Harrogate & Knaresborough,293,E14000730,Harrogate & Knaresborough,02:30,5-Friday,5-Friday 02:30,29962,5480,20287,,,,,,1208,
Havant,299,E14000736,Havant,02:30,5-Friday,5-Friday 02:30,30051,8259,5708,1597,,,,,344,
Ribble Valley,471,E14000894,Ribble Valley,02:30,5-Friday,5-Friday 02:30,33346,14907,4776,1704,,,,,551,
Stratford-on-Avon,543,E14000977,Stratford-on-Avon,02:30,5-Friday,5-Friday 02:30,33343,6222,13371,2112,,,,,0,
Torbay,575,E14000999,Torbay,02:30,5-Friday,5-Friday 02:30,29863,6562,12114,1239,,,,,648,
Watford,604,E14001021,Watford,02:30,5-Friday,5-Friday 02:30,26421,21988,9323,,,,,,333,
Angus,12,S14000004,Angus,02:30,5-Friday,5-Friday 02:30,17421,2051,2482,,21216,,,,0,
Dundee East,211,S14000015,Dundee East,02:30,5-Friday,5-Friday 02:30,10986,6045,3573,,24361,,,,312,68.40%
Dundee West,212,S14000016,Dundee West,02:30,5-Friday,5-Friday 02:30,5149,10096,2468,,22355,,1271,,240,
Falkirk,245,S14000028,Falkirk,02:30,5-Friday,5-Friday 02:30,14403,6243,3990,1885,29351,,,,,66.10%
Inverclyde,330,S14000038,Inverclyde,02:30,5-Friday,5-Friday 02:30,6265,11783,2560,,19295,,,,0,
Paisley & Renfrewshire North,445,S14000052,Paisley & Renfrewshire North,02:30,5-Friday,5-Friday 02:30,11217,11451,3661,,23353,,,,0,
Paisley & Renfrewshire South,446,S14000053,Paisley & Renfrewshire South,02:30,5-Friday,5-Friday 02:30,7571,10958,2918,,21637,,,,0,
Gower,273,W07000046,Gower,02:30,5-Friday,5-Friday 02:30,18371,20208,2236,,,2288,1379,,0,
Neath,408,W07000069,Neath,02:30,5-Friday,5-Friday 02:30,10283,15920,1485,728,,4495,3184,,661,
Aldershot,7,E14000530,Aldershot,03:00,5-Friday,5-Friday 03:00,27980,11282,6920,1750,,,,,0,
Aldridge-Brownhills,8,E14000531,Aldridge-Brownhills,03:00,5-Friday,5-Friday 03:00,27850,8014,2371,771,,,,,336,
Amber Valley,11,E14000533,Amber Valley,03:00,5-Friday,5-Friday 03:00,29096,12210,2873,1388,,,,,0,
Ashford,20,E14000536,Ashford,03:00,5-Friday,5-Friday 03:00,37270,13241,6048,2638,,,,,862,
Barking,28,E14000540,Barking,03:00,5-Friday,5-Friday 03:00,11792,27219,1482,820,,,3186,,0,
Bath,36,E14000547,Bath,03:00,5-Friday,5-Friday 03:00,16097,6639,28419,,,,642,,341,
Beaconsfield,39,E14000550,Beaconsfield,03:00,5-Friday,5-Friday 03:00,32477,5756,,2033,,,,,17602,74.50%
Bedford,41,E14000552,Bedford,03:00,5-Friday,5-Friday 03:00,20346,20491,4608,960,,,896,,0,
Birmingham Edgbaston,57,E14000560,Birmingham Edgbaston,03:00,5-Friday,5-Friday 03:00,15603,21217,3349,1112,,,1047,,0,
Birmingham Erdington,58,E14000561,Birmingham Erdington,03:00,5-Friday,5-Friday 03:00,14119,17720,1301,648,,,1441,,0,
Birmingham Ladywood,61,E14000564,Birmingham Ladywood,03:00,5-Friday,5-Friday 03:00,4773,33355,2228,931,,,831,,0,
Birmingham Northfield,62,E14000565,Birmingham Northfield,03:00,5-Friday,5-Friday 03:00,19957,18317,1961,954,,,1655,254,,58.50%
Birmingham Yardley,65,E14000568,Birmingham Yardley,03:00,5-Friday,5-Friday 03:00,12720,23379,3754,579,,,2246,,,57.10%
Bishop Auckland,66,E14000569,Bishop Auckland,03:00,5-Friday,5-Friday 03:00,24067,16105,2133,,,,2500,,0,65.70%
Blackpool North & Cleveleys,69,E14000572,Blackpool North & Cleveleys,03:00,5-Friday,5-Friday 03:00,22364,13768,1494,735,,,,,443,
Blackpool South,70,E14000573,Blackpool South,03:00,5-Friday,5-Friday 03:00,16247,12557,1008,563,,,2009,,368,
Bolton North East,76,E14000578,Bolton North East,03:00,5-Friday,5-Friday 03:00,19759,19381,1847,689,,,1880,,0,
Bolton South East,77,E14000579,Bolton South East,03:00,5-Friday,5-Friday 03:00,13918,21516,1411,791,,,2968,,0,
Bolton West,78,E14000580,Bolton West,03:00,5-Friday,5-Friday 03:00,27255,18400,2704,939,,,,,0,
Brentwood & Ongar,93,E14000594,Brentwood & Ongar,03:00,5-Friday,5-Friday 03:00,36308,7243,1644,1679,,,,,103,
Bristol East,99,E14000599,Bristol East,03:00,5-Friday,5-Friday 03:00,16923,27717,3527,2106,,,1881,,0,
Bristol North West,100,E14000600,Bristol North West,03:00,5-Friday,5-Friday 03:00,21638,27330,4940,1977,,,,,0,
Bristol South,101,E14000601,Bristol South,03:00,5-Friday,5-Friday 03:00,18036,27895,4227,2713,,,2325,,0,
Bristol West,102,E14000602,Bristol West,03:00,5-Friday,5-Friday 03:00,8822,47028,,18809,,,869,,0,
Cambridge,119,E14000617,Cambridge,03:00,5-Friday,5-Friday 03:00,8342,25776,16137,2164,,,1041,,269,67.20%
Devon Central,188,E14000623,Devon Central,03:00,5-Friday,5-Friday 03:00,32095,14374,8770,2833,,,,,,77.50%
Chelsea & Fulham,140,E14000629,Chelsea & Fulham,03:00,5-Friday,5-Friday 03:00,23345,10872,12104,,,,,,500,
Chesham & Amersham,142,E14000631,Chesham & Amersham,03:00,5-Friday,5-Friday 03:00,30850,7166,14627,3042,,,,,0,
Chingford & Woodford Green,146,E14000634,Chingford & Woodford Green,03:00,5-Friday,5-Friday 03:00,23481,22219,2744,,,,,,0,
Christchurch,150,E14000638,Christchurch,03:00,5-Friday,5-Friday 03:00,33894,6568,9277,2212,,,,,,72.60%
Cities of London & Westminster,151,E14000639,Cities of London & Westminster,03:00,5-Friday,5-Friday 03:00,17049,11624,13096,728,,,,,226,
"Durham, City of",214,E14000641,"Durham, City of",03:00,5-Friday,5-Friday 03:00,15506,20531,7935,1635,,,3252,,0,
Clacton,152,E14000642,Clacton,03:00,5-Friday,5-Friday 03:00,31438,6736,2541,1225,,,,,467,
Cleethorpes,153,E14000643,Cleethorpes,03:00,5-Friday,5-Friday 03:00,31969,10551,2535,1284,,,,,0,
Coventry North East,165,E14000649,Coventry North East,03:00,5-Friday,5-Friday 03:00,15720,23412,2061,1141,,,2110,,,58.50%
Coventry North West,166,E14000650,Coventry North West,03:00,5-Friday,5-Friday 03:00,20710,20918,2717,1443,,,1956,,,63.50%
Coventry South,167,E14000651,Coventry South,03:00,5-Friday,5-Friday 03:00,19143,19544,3398,1092,,,1432,,435,63.50%
Crawley,168,E14000652,Crawley,03:00,5-Friday,5-Friday 03:00,27040,18680,2728,1451,,,,,,67.20%
Dagenham & Rainham,175,E14000657,Dagenham & Rainham,03:00,5-Friday,5-Friday 03:00,19175,19468,1182,602,,,2887,,421,61.60%
Dartford,177,E14000659,Dartford,03:00,5-Friday,5-Friday 03:00,34006,14846,3735,1435,,,,,,65.70%
Don Valley,194,E14000667,Don Valley,03:00,5-Friday,5-Friday 03:00,19609,15979,1907,872,,,6247,,823,
Doncaster Central,195,E14000668,Doncaster Central,03:00,5-Friday,5-Friday 03:00,14360,16638,1748,981,,,6842,,1012,
Doncaster North,196,E14000669,Doncaster North,03:00,5-Friday,5-Friday 03:00,13370,15740,1476,,,,8297,,1410,
Ealing Central & Acton,218,E14000674,Ealing Central & Acton,03:00,5-Friday,5-Friday 03:00,14832,28132,9444,1735,,,664,,0,
Ealing North,219,E14000675,Ealing North,03:00,5-Friday,5-Friday 03:00,15767,28036,4370,1458,,,,,0,
Ealing Southall,220,E14000676,Ealing Southall,03:00,5-Friday,5-Friday 03:00,9594,25678,3933,1688,,,867,,457,
Easington,221,E14000677,Easington,03:00,5-Friday,5-Friday 03:00,9142,15723,1526,,,,6744,,1448,
Eastbourne,225,E14000684,Eastbourne,03:00,5-Friday,5-Friday 03:00,26951,3848,22620,,,,1530,,185,
Eastleigh,226,E14000685,Eastleigh,03:00,5-Friday,5-Friday 03:00,32690,7559,17083,1639,,,,,0,
Edmonton,233,E14000687,Edmonton,03:00,5-Friday,5-Friday 03:00,10202,26217,2145,862,,,840,,75,
Epsom & Ewell,240,E14000694,Epsom & Ewell,03:00,5-Friday,5-Friday 03:00,31819,10226,13946,2047,,,,,1413,
Erewash,241,E14000695,Erewash,03:00,5-Friday,5-Friday 03:00,27560,16954,2487,1115,,,,,122,
Esher & Walton,243,E14000697,Esher & Walton,03:00,5-Friday,5-Friday 03:00,31132,2838,28389,,,,,,725,
Fareham,246,E14000699,Fareham,03:00,5-Friday,5-Friday 03:00,36459,10373,8006,2412,,,,,0,
Forest of Dean,254,E14000705,Forest of Dean,03:00,5-Friday,5-Friday 03:00,30680,14811,,4681,,,,,1303,
Garston & Halewood,258,E14000708,Garston & Halewood,03:00,5-Friday,5-Friday 03:00,6954,38578,3324,1183,,,2943,,344,
Gedling,260,E14000710,Gedling,03:00,5-Friday,5-Friday 03:00,22718,22039,2279,1097,,,1820,,0,
Gloucester,270,E14000712,Gloucester,03:00,5-Friday,5-Friday 03:00,29159,18882,4338,1385,,,,,0,
Grantham & Stamford,274,E14000714,Grantham & Stamford,03:00,5-Friday,5-Friday 03:00,36794,10791,6153,2265,,,,,0,
Great Grimsby,276,E14000716,Great Grimsby,03:00,5-Friday,5-Friday 03:00,18150,10819,1070,514,,,2378,,156,
Great Yarmouth,277,E14000717,Great Yarmouth,03:00,5-Friday,5-Friday 03:00,28593,10930,1661,1064,,,,,785,
Guildford,279,E14000719,Guildford,03:00,5-Friday,5-Friday 03:00,26375,4515,22980,,,,,,4839,
Hammersmith,286,E14000726,Hammersmith,03:00,5-Friday,5-Friday 03:00,12227,30074,6947,1744,,,974,,0,
Hemel Hempstead,302,E14000739,Hemel Hempstead,03:00,5-Friday,5-Friday 03:00,28968,14405,6317,1581,,,,,0,
Heywood & Middleton,313,E14000747,Heywood & Middleton,03:00,5-Friday,5-Friday 03:00,20453,19790,2073,1220,,,3952,,0,
High Peak,314,E14000748,High Peak,03:00,5-Friday,5-Friday 03:00,24844,24254,2750,1148,,,1177,,0,
Hornchurch & Upminster,317,E14000751,Hornchurch & Upminster,03:00,5-Friday,5-Friday 03:00,35495,12187,3862,1920,,,,,510,
Hyndburn,327,E14000758,Hyndburn,03:00,5-Friday,5-Friday 03:00,20565,17614,1226,845,,,2156,,0,
Isle of Wight,333,E14000762,Isle of Wight,03:00,5-Friday,5-Friday 03:00,41815,18078,,11338,,,,,3211,65.90%
Islington North,334,E14000763,Islington North,03:00,5-Friday,5-Friday 03:00,5483,34603,8415,4326,,,742,,236,
Islington South & Finsbury,335,E14000764,Islington South & Finsbury,03:00,5-Friday,5-Friday 03:00,8045,26897,9569,1987,,,1136,,182,
Kenilworth & Southam,339,E14000767,Kenilworth & Southam,03:00,5-Friday,5-Friday 03:00,30351,9440,9998,2351,,,,,457,
Hull East,323,E14000771,Hull East,03:00,5-Friday,5-Friday 03:00,11474,12713,1707,784,,,5764,,0,
Hull West & Hessle,325,E14000773,Hull West & Hessle,03:00,5-Friday,5-Friday 03:00,13384,10528,1756,50,,,5638,,,51.90%
Leeds East,352,E14000778,Leeds East,03:00,5-Friday,5-Friday 03:00,13933,19464,1796,878,,,2981,,0,
Leeds West,355,E14000781,Leeds West,03:00,5-Friday,5-Friday 03:00,11622,22186,1787,1274,,,2685,,727,
Leicester South,357,E14000783,Leicester South,03:00,5-Friday,5-Friday 03:00,10931,33606,2754,1669,,,1187,,0,
Lewisham East,364,E14000787,Lewisham East,03:00,5-Friday,5-Friday 03:00,9653,26661,5039,1706,,,1234,,370,
Lewisham West & Penge,365,E14000788,Lewisham West & Penge,03:00,5-Friday,5-Friday 03:00,10317,31860,6260,2390,,,1060,,213,
Lewisham Deptford,363,E14000789,Lewisham Deptford,03:00,5-Friday,5-Friday 03:00,6303,39216,5774,3085,,,789,,201,
Leyton & Wanstead,366,E14000790,Leyton & Wanstead,03:00,5-Friday,5-Friday 03:00,8028,28836,4666,1805,,,785,,427,
Liverpool Riverside,370,E14000793,Liverpool Riverside,03:00,5-Friday,5-Friday 03:00,4127,41170,2696,3017,,,1779,,0,
Liverpool Walton,371,E14000794,Liverpool Walton,03:00,5-Friday,5-Friday 03:00,4018,34538,756,814,,,,,660,
Liverpool Wavertree,372,E14000795,Liverpool Wavertree,03:00,5-Friday,5-Friday 03:00,4225,31310,4055,1365,,,1921,,501,
Liverpool West Derby,373,E14000796,Liverpool West Derby,03:00,5-Friday,5-Friday 03:00,4133,34117,1296,605,,,2012,,1826,67.00%
Luton North,380,E14000800,Luton North,03:00,5-Friday,5-Friday 03:00,14249,23496,3063,771,,,1250,,795,
Luton South,381,E14000801,Luton South,03:00,5-Friday,5-Friday 03:00,13031,21787,,995,,,1601,,757,
Middlesbrough South & Cleveland East,395,E14000820,Middlesbrough South & Cleveland East,03:00,5-Friday,5-Friday 03:00,28135,16509,1953,1220,,,,,0,
Mitcham & Morden,399,E14000823,Mitcham & Morden,03:00,5-Friday,5-Friday 03:00,11482,27978,3717,1160,,,1202,,216,
New Forest East,409,E14000827,New Forest East,03:00,5-Friday,5-Friday 03:00,32769,7518,7390,2434,,,,,675,
New Forest West,410,E14000828,New Forest West,03:00,5-Friday,5-Friday 03:00,32113,6595,7710,3888,,,,,0,
Newbury,412,E14000830,Newbury,03:00,5-Friday,5-Friday 03:00,34431,4404,18384,2454,,,,,325,
Newcastle-under-Lyme,413,E14000834,Newcastle-under-Lyme,03:00,5-Friday,5-Friday 03:00,23485,16039,2361,933,,,1921,,,65.60%
Newton Abbot,420,E14000835,Newton Abbot,03:00,5-Friday,5-Friday 03:00,29190,9329,11689,1508,,,,,840,
Durham North,215,E14000840,Durham North,03:00,5-Friday,5-Friday 03:00,13897,18639,2879,1126,,,4693,,961,
Somerset North,517,E14000850,Somerset North,03:00,5-Friday,5-Friday 03:00,32801,15265,11051,2938,,,,,,77.40%
Cambridgeshire North West,121,E14000855,Cambridgeshire North West,03:00,5-Friday,5-Friday 03:00,40307,14324,6881,3021,,,,,0,
Durham North West,216,E14000856,Durham North West,03:00,5-Friday,5-Friday 03:00,19990,18846,2831,1173,,,3193,,414,
Norfolk North West,423,E14000859,Norfolk North West,03:00,5-Friday,5-Friday 03:00,30627,10705,3625,1645,,,,,0,
Norwich North,430,E14000863,Norwich North,03:00,5-Friday,5-Friday 03:00,23397,18659,2663,1078,,,,488,,68.90%
Norwich South,431,E14000864,Norwich South,03:00,5-Friday,5-Friday 03:00,15006,27766,4776,2469,,,1656,,0,
Pendle,447,E14000875,Pendle,03:00,5-Friday,5-Friday 03:00,24076,17890,1548,678,,,,,268,
Peterborough,451,E14000878,Peterborough,03:00,5-Friday,5-Friday 03:00,22334,19754,2334,728,,,2127,,524,
Preston,460,E14000885,Preston,03:00,5-Friday,5-Friday 03:00,8724,20870,1737,660,,,1799,,0,
Redcar,466,E14000891,Redcar,03:00,5-Friday,5-Friday 03:00,18811,15284,2018,491,,,2915,,1323,
Reigate,468,E14000893,Reigate,03:00,5-Friday,5-Friday 03:00,28665,10355,10320,3169,,,,647,0,
Rochdale,474,E14000897,Rochdale,03:00,5-Friday,5-Friday 03:00,14807,24475,3312,986,,,3867,,0,
Rochford & Southend East,476,E14000899,Rochford & Southend East,03:00,5-Friday,5-Friday 03:00,27063,14777,2822,,,,,,1474,
Romford,477,E14000900,Romford,03:00,5-Friday,5-Friday 03:00,30494,12601,2708,1428,,,,,0,
Saffron Walden,489,E14000910,Saffron Walden,03:00,5-Friday,5-Friday 03:00,39714,8305,12120,2947,,,,,0,
Salford & Eccles,495,E14000911,Salford & Eccles,03:00,5-Friday,5-Friday 03:00,12428,28755,3099,2060,,,4290,,0,
Sedgefield,499,E14000915,Sedgefield,03:00,5-Friday,5-Friday 03:00,19609,15096,1955,994,,,3518,,394,
Sevenoaks,502,E14000918,Sevenoaks,03:00,5-Friday,5-Friday 03:00,30932,6946,10114,1974,,,,,990,
Sheffield Central,504,E14000919,Sheffield Central,03:00,5-Friday,5-Friday 03:00,6695,33968,3237,4570,,,1969,,474,
Sheffield South East,507,E14000920,Sheffield South East,03:00,5-Friday,5-Friday 03:00,15070,19359,2125,,,,4478,,966,
Sheffield Brightside & Hillsborough,503,E14000921,Sheffield Brightside & Hillsborough,03:00,5-Friday,5-Friday 03:00,10095,22369,1517,1179,,,3855,585,0,
Sheffield Hallam,505,E14000922,Sheffield Hallam,03:00,5-Friday,5-Friday 03:00,14696,19709,18997,1630,,,1562,168,123,78.20%
Sheffield Heeley,506,E14000923,Sheffield Heeley,03:00,5-Friday,5-Friday 03:00,12955,21475,2916,1811,,,3538,,,63.80%
Shrewsbury & Atcham,510,E14000926,Shrewsbury & Atcham,03:00,5-Friday,5-Friday 03:00,31021,19804,5906,1762,,,,,572,71.80%
Sittingbourne & Sheppey,512,E14000927,Sittingbourne & Sheppey,03:00,5-Friday,5-Friday 03:00,34742,10263,3213,1188,,,,,1988,61.20%
Cambridgeshire South,122,E14000934,Cambridgeshire South,03:00,5-Friday,5-Friday 03:00,31015,7803,28111,,,,,,0,
Derbyshire South,186,E14000935,Derbyshire South,03:00,5-Friday,5-Friday 03:00,33502,14167,3924,1788,,,,,0,
South Holland & The Deepings,520,E14000939,South Holland & The Deepings,03:00,5-Friday,5-Friday 03:00,37338,6500,3225,1613,,,,,503,
South Ribble,521,E14000943,South Ribble,03:00,5-Friday,5-Friday 03:00,30028,18829,3720,1207,,,,,0,
Southend West,525,E14000957,Southend West,03:00,5-Friday,5-Friday 03:00,27555,13096,5312,,,,,,574,
Southport,526,E14000958,Southport,03:00,5-Friday,5-Friday 03:00,22914,18767,6499,,,,,,0,
Stafford,528,E14000965,Stafford,03:00,5-Friday,5-Friday 03:00,29992,15615,3175,2367,,,,,0,
Staffordshire Moorlands,529,E14000966,Staffordshire Moorlands,03:00,5-Friday,5-Friday 03:00,28192,11764,2469,1231,,,,,0,
Stevenage,532,E14000968,Stevenage,03:00,5-Friday,5-Friday 03:00,25328,16766,4132,1457,,,,,0,66.60%
Stroud,546,E14000980,Stroud,03:00,5-Friday,5-Friday 03:00,31582,27742,,4954,,,1085,,567,
Suffolk Coastal,548,E14000981,Suffolk Coastal,03:00,5-Friday,5-Friday 03:00,32958,12425,8719,2713,,,,,1493,71.20%
Surrey Heath,553,E14000983,Surrey Heath,03:00,5-Friday,5-Friday 03:00,34358,5407,16009,2252,,,,628,0,72.10%
Sutton Coldfield,557,E14000985,Sutton Coldfield,03:00,5-Friday,5-Friday 03:00,31604,12332,6358,2031,,,,,0,
Telford,565,E14000989,Telford,03:00,5-Friday,5-Friday 03:00,25546,14605,2674,,,,,,0,
"Cotswolds, The",164,E14000991,"Cotswolds, The",03:00,5-Friday,5-Friday 03:00,35484,7110,15270,3312,,,,,,74.70%
"Wrekin, The",640,E14000992,"Wrekin, The",03:00,5-Friday,5-Friday 03:00,31029,12303,4067,1491,,,,,0,
Tonbridge & Malling,573,E14000997,Tonbridge & Malling,03:00,5-Friday,5-Friday 03:00,35784,8286,8843,4090,,,,,,73.70%
Tunbridge Wells,580,E14001004,Tunbridge Wells,03:00,5-Friday,5-Friday 03:00,30119,8098,15474,,,,,,471,
Walsall North,593,E14001011,Walsall North,03:00,5-Friday,5-Friday 03:00,23334,11369,1236,617,,,,,0,
Walsall South,594,E14001012,Walsall South,03:00,5-Friday,5-Friday 03:00,17416,20872,1602,634,,,1660,,288,
Walthamstow,595,E14001013,Walthamstow,03:00,5-Friday,5-Friday 03:00,5922,36784,2874,1733,,,768,,254,
Wealden,606,E14001023,Wealden,03:00,5-Friday,5-Friday 03:00,37043,9377,11388,3099,,,,,0,
Welwyn Hatfield,610,E14001027,Welwyn Hatfield,03:00,5-Friday,5-Friday 03:00,27394,16439,6602,1618,,,,,,69.50%
Suffolk West,550,E14001034,Suffolk West,03:00,5-Friday,5-Friday 03:00,33842,10648,4685,2262,,,,,0,
Westminster North,615,E14001036,Westminster North,03:00,5-Friday,5-Friday 03:00,12481,23240,5593,1064,,,418,,115,
Weston-Super-Mare,617,E14001038,Weston-Super-Mare,03:00,5-Friday,5-Friday 03:00,31983,14862,6935,1834,,,,,,67.40%
Wimbledon,621,E14001040,Wimbledon,03:00,5-Friday,5-Friday 03:00,20373,12543,19745,,,,,,366,
Wokingham,629,E14001048,Wokingham,03:00,5-Friday,5-Friday 03:00,30734,6450,23351,1382,,,,,80,
Wolverhampton South East,631,E14001050,Wolverhampton South East,03:00,5-Friday,5-Friday 03:00,14287,15522,1019,521,,,2094,,0,
Wolverhampton South West,632,E14001051,Wolverhampton South West,03:00,5-Friday,5-Friday 03:00,19864,18203,2041,,,,1028,,0,67.60%
Worcester,633,E14001052,Worcester,03:00,5-Friday,5-Friday 03:00,25856,19098,3666,1694,,,,,584,
Worsley & Eccles South,637,E14001054,Worsley & Eccles South,03:00,5-Friday,5-Friday 03:00,17345,20446,2510,1300,,,3224,,0,
Wyre Forest,644,E14001058,Wyre Forest,03:00,5-Friday,5-Friday 03:00,32960,11547,4081,1973,,,,,0,
Belfast East,45,N06000001,Belfast East,03:00,5-Friday,5-Friday 03:00,,,,,,,,,42445,
Belfast North,46,N06000002,Belfast North,03:00,5-Friday,5-Friday 03:00,,,,,,,,,49037,
Belfast South,47,N06000003,Belfast South,03:00,5-Friday,5-Friday 03:00,,,,,,,,,47352,
Antrim East,13,N06000005,Antrim East,03:00,5-Friday,5-Friday 03:00,1043,,,685,,,,,35533,
Foyle,255,N06000008,Foyle,03:00,5-Friday,5-Friday 03:00,,,,,,,,,,
Ulster Mid,585,N06000010,Ulster Mid,03:00,5-Friday,5-Friday 03:00,,,,,,,,,44620,
Antrim North,14,N06000012,Antrim North,03:00,5-Friday,5-Friday 03:00,,,,,,,,,,
Antrim South,15,N06000014,Antrim South,03:00,5-Friday,5-Friday 03:00,,,,,,,,,42974,
Down South,203,N06000015,Down South,03:00,5-Friday,5-Friday 03:00,,,,,,,,,49762,
Aberdeen North,3,S14000001,Aberdeen North,03:00,5-Friday,5-Friday 03:00,7535,4939,2846,880,20205,,1008,,0,
Aberdeen South,4,S14000002,Aberdeen South,03:00,5-Friday,5-Friday 03:00,16398,3834,5018,,20388,,,,0,
Airdrie & Shotts,6,S14000003,Airdrie & Shotts,03:00,5-Friday,5-Friday 03:00,7011,12728,1419,685,17929,,,,0,
"Ayr, Carrick & Cumnock",23,S14000006,"Ayr, Carrick & Cumnock",03:00,5-Friday,5-Friday 03:00,17943,6219,2158,,20272,,,,0,
Dunfermline & Fife West,213,S14000017,Dunfermline & Fife West,03:00,5-Friday,5-Friday 03:00,11207,13028,4262,1258,23727,,,,,69.80%
Dunbartonshire East,209,S14000018,Dunbartonshire East,03:00,5-Friday,5-Friday 03:00,7455,4839,19523,916,19672,,,208,418,
East Lothian,224,S14000020,East Lothian,03:00,5-Friday,5-Friday 03:00,15523,17270,4071,,21156,,,493,0,
Renfrewshire East,469,S14000021,Renfrewshire East,03:00,5-Friday,5-Friday 03:00,19451,6855,4174,,24877,,,,0,
Na h-Eileanan an Iar,407,S14000027,Na h-Eileanan an Iar,03:00,5-Friday,5-Friday 03:00,3216,4093,637,,6531,,,,0,
Glasgow Central,262,S14000029,Glasgow Central,03:00,5-Friday,5-Friday 03:00,3698,13276,1952,1429,19750,,,,,57.90%
Glasgow East,263,S14000030,Glasgow East,03:00,5-Friday,5-Friday 03:00,5709,12791,1626,,18357,,,,0,
Glasgow North,264,S14000031,Glasgow North,03:00,5-Friday,5-Friday 03:00,3806,11381,2394,1308,16982,,320,,0,
Glasgow North East,265,S14000032,Glasgow North East,03:00,5-Friday,5-Friday 03:00,3558,13363,1093,,15911,,,,,55.50%
Glasgow North West,266,S14000033,Glasgow North West,03:00,5-Friday,5-Friday 03:00,6022,11319,2716,,19678,,,,0,
Glasgow South,267,S14000034,Glasgow South,03:00,5-Friday,5-Friday 03:00,6237,13824,2786,1251,,,516,,,66.90%
Glasgow South West,268,S14000035,Glasgow South West,03:00,5-Friday,5-Friday 03:00,4224,12743,1435,,17643,,802,,,57.10%
Glenrothes,269,S14000036,Glenrothes,03:00,5-Friday,5-Friday 03:00,6920,9477,2639,,21234,,1276,,0,
Kirkcaldy & Cowdenbeath,345,S14000041,Kirkcaldy & Cowdenbeath,03:00,5-Friday,5-Friday 03:00,9449,15325,2903,1628,16568,,1132,,,64.50%
Linlithgow & Falkirk East,369,S14000043,Linlithgow & Falkirk East,03:00,5-Friday,5-Friday 03:00,14285,10517,4393,1184,25551,,1257,,588,66.40%
Livingston,374,S14000044,Livingston,03:00,5-Friday,5-Friday 03:00,12182,11915,3467,1421,25617,,,,,66.30%
Ayrshire North & Arran,25,S14000048,Ayrshire North & Arran,03:00,5-Friday,5-Friday 03:00,14855,6702,2107,114,23376,,,,0,
Ochil & Perthshire South,436,S14000050,Ochil & Perthshire South,03:00,5-Friday,5-Friday 03:00,22384,4961,3204,,26882,,,382,0,
Stirling,533,S14000057,Stirling,03:00,5-Friday,5-Friday 03:00,17641,4275,2867,942,26895,,,,0,
Ynys Mon,647,W07000041,Ynys Mon,03:00,5-Friday,5-Friday 03:00,12959,10991,,,,10418,2184,,0,
Delyn,179,W07000042,Delyn,03:00,5-Friday,5-Friday 03:00,16756,15891,2346,,,1406,1971,,0,
Alyn & Deeside,10,W07000043,Alyn & Deeside,03:00,5-Friday,5-Friday 03:00,18058,18271,2548,,,1453,2678,,,68.50%
Cardiff Central,126,W07000050,Cardiff Central,03:00,5-Friday,5-Friday 03:00,8426,25605,6298,,,,1006,,487,
Cardiff North,127,W07000051,Cardiff North,03:00,5-Friday,5-Friday 03:00,19082,26064,3580,820,,1606,1311,,203,77.00%
Rhondda,470,W07000052,Rhondda,03:00,5-Friday,5-Friday 03:00,4675,16115,612,438,,4069,3733,,0,
Vale of Clwyd,588,W07000060,Vale of Clwyd,03:00,5-Friday,5-Friday 03:00,17270,15443,1471,,,1552,1477,,0,
Montgomeryshire,402,W07000063,Montgomeryshire,03:00,5-Friday,5-Friday 03:00,20020,5585,7882,,,,,,727,
Carmarthen East & Dinefwr,131,W07000067,Carmarthen East & Dinefwr,03:00,5-Friday,5-Friday 03:00,14130,8622,,,,15939,2311,,0,
Brecon & Radnorshire,89,W07000068,Brecon & Radnorshire,03:00,5-Friday,5-Friday 03:00,21958,3944,14827,,,,,,590,
Cynon Valley,174,W07000070,Cynon Valley,03:00,5-Friday,5-Friday 03:00,6711,15533,949,,,2562,3045,,1436,
Bridgend,94,W07000073,Bridgend,03:00,5-Friday,5-Friday 03:00,18193,17036,2368,815,,2013,1811,,0,
Ogmore,437,W07000074,Ogmore,03:00,5-Friday,5-Friday 03:00,9797,17602,1460,621,,2919,2991,,0,
Bexleyheath & Crayford,55,E14000558,Bexleyheath & Crayford,03:30,5-Friday,5-Friday 03:30,25856,12753,2819,1298,,,,,520,
Bromsgrove,105,E14000605,Bromsgrove,03:30,5-Friday,5-Friday 03:30,34408,11302,6779,1783,,,,,0,
Chesterfield,144,E14000632,Chesterfield,03:30,5-Friday,5-Friday 03:30,16720,18171,3985,1148,,,4771,,391,63.60%
Colchester,157,E14000644,Colchester,03:30,5-Friday,5-Friday 03:30,26917,17494,7432,1530,,,,,0,
Eltham,236,E14000690,Eltham,03:30,5-Friday,5-Friday 03:30,17353,20550,2941,1322,,,1523,,0,
Greenwich & Woolwich,278,E14000718,Greenwich & Woolwich,03:30,5-Friday,5-Friday 03:30,11721,30185,7253,2363,,,1228,,370,66.40%
Harwich & Essex North,297,E14000734,Harwich & Essex North,03:30,5-Friday,5-Friday 03:30,31830,11648,5866,1945,,,,,263,
Hastings & Rye,298,E14000735,Hastings & Rye,03:30,5-Friday,5-Friday 03:30,26896,22853,3960,,,,,,565,67.40%
Hertford & Stortford,308,E14000744,Hertford & Stortford,03:30,5-Friday,5-Friday 03:30,33712,14092,8596,2705,,,,681,308,
Kingston & Surbiton,343,E14000770,Kingston & Surbiton,03:30,5-Friday,5-Friday 03:30,20614,6528,31103,1038,,,788,124,651,
Leeds Central,351,E14000777,Leeds Central,03:30,5-Friday,5-Friday 03:30,11143,30413,2343,2105,,,2999,,281,
Lewes,362,E14000786,Lewes,03:30,5-Friday,5-Friday 03:30,26268,3206,23811,1453,,,,,113,76.70%
Meriden,392,E14000812,Meriden,03:30,5-Friday,5-Friday 03:30,34358,11522,5614,2667,,,,,0,
Worcestershire Mid,634,E14000818,Worcestershire Mid,03:30,5-Friday,5-Friday 03:30,37426,9408,6474,2177,,,,,638,
Devon North,190,E14000838,Devon North,03:30,5-Friday,5-Friday 03:30,31479,5097,16666,1759,,,,,580,
Portsmouth North,457,E14000883,Portsmouth North,03:30,5-Friday,5-Friday 03:30,28172,12392,3419,1304,,,,,623,
Portsmouth South,458,E14000884,Portsmouth South,03:30,5-Friday,5-Friday 03:30,17705,23068,5418,,,,994,,240,63.90%
Solihull,516,E14000931,Solihull,03:30,5-Friday,5-Friday 03:30,32309,11036,9977,2022,,,,,0,
Totnes,577,E14001001,Totnes,03:30,5-Friday,5-Friday 03:30,27751,8860,15027,,,,,,544,
Worcestershire West,635,E14001035,Worcestershire West,03:30,5-Friday,5-Friday 03:30,34909,9496,10410,2715,,,,,0,
Westmorland & Lonsdale,616,E14001037,Westmorland & Lonsdale,03:30,5-Friday,5-Friday 03:30,23861,2293,25795,,,,763,,0,
Moray,403,S14000046,Moray,03:30,5-Friday,5-Friday 03:30,22112,2432,2269,,21599,,,413,0,
Perth & Perthshire North,450,S14000054,Perth & Perthshire North,03:30,5-Friday,5-Friday 03:30,19812,2471,3780,,27362,,651,,0,
Aberconwy,2,W07000058,Aberconwy,03:30,5-Friday,5-Friday 03:30,14687,12653,1821,,,2704,,,0,
Clwyd West,155,W07000059,Clwyd West,03:30,5-Friday,5-Friday 03:30,20403,13656,2237,,,3907,,,0,
Altrincham & Sale West,9,E14000532,Altrincham & Sale West,04:00,5-Friday,5-Friday 04:00,,,,,,,,,,
Aylesbury,22,E14000538,Aylesbury,04:00,5-Friday,5-Friday 04:00,,,,,,,,,,
Banbury,26,E14000539,Banbury,04:00,5-Friday,5-Friday 04:00,,,,,,,,,,
Bassetlaw,35,E14000546,Bassetlaw,04:00,5-Friday,5-Friday 04:00,28078,14065,3332,,,,5366,,0,
Batley & Spen,37,E14000548,Batley & Spen,04:00,5-Friday,5-Friday 04:00,,,,,,,,,,
Beckenham,40,E14000551,Beckenham,04:00,5-Friday,5-Friday 04:00,,,,,,,,,,
Berwick-upon-Tweed,50,E14000554,Berwick-upon-Tweed,04:00,5-Friday,5-Friday 04:00,23947,9112,7656,1394,,,,,0,
Bexhill & Battle,54,E14000557,Bexhill & Battle,04:00,5-Friday,5-Friday 04:00,37590,11531,7280,2692,,,,,0,
Birmingham Hall Green,59,E14000562,Birmingham Hall Green,04:00,5-Friday,5-Friday 04:00,,,,,,,,,,
Birmingham Hodge Hill,60,E14000563,Birmingham Hodge Hill,04:00,5-Friday,5-Friday 04:00,,,,,,,,,,
Birmingham Perry Barr,63,E14000566,Birmingham Perry Barr,04:00,5-Friday,5-Friday 04:00,11277,26594,1901,845,,,1382,,148,
Birmingham Selly Oak,64,E14000567,Birmingham Selly Oak,04:00,5-Friday,5-Friday 04:00,15300,27714,3169,1848,,,1436,,0,
Blackley & Broughton,68,E14000571,Blackley & Broughton,04:00,5-Friday,5-Friday 04:00,,,,,,,,,,
Boston & Skegness,80,E14000582,Boston & Skegness,04:00,5-Friday,5-Friday 04:00,,,,,,,,,,
Bosworth,81,E14000583,Bosworth,04:00,5-Friday,5-Friday 04:00,36056,9778,9096,1502,,,,,0,
Bournemouth East,82,E14000584,Bournemouth East,04:00,5-Friday,5-Friday 04:00,,,,,,,,,,
Bournemouth West,83,E14000585,Bournemouth West,04:00,5-Friday,5-Friday 04:00,,,,,,,,,,
Braintree,88,E14000590,Braintree,04:00,5-Friday,5-Friday 04:00,34112,9439,4779,,,,,,261,
Brent Central,90,E14000591,Brent Central,04:00,5-Friday,5-Friday 04:00,10909,31779,4844,1600,,,,,0,
Brent North,91,E14000592,Brent North,04:00,5-Friday,5-Friday 04:00,18832,26911,4065,850,,,951,,101,
Brentford & Isleworth,92,E14000593,Brentford & Isleworth,04:00,5-Friday,5-Friday 04:00,,,,,,,,,,
Brigg & Goole,96,E14000596,Brigg & Goole,04:00,5-Friday,5-Friday 04:00,,,,,,,,,,
Bromley & Chislehurst,104,E14000604,Bromley & Chislehurst,04:00,5-Friday,5-Friday 04:00,,,,,,,,,,
Bury St Edmunds,113,E14000613,Bury St Edmunds,04:00,5-Friday,5-Friday 04:00,37770,12782,,9711,,,,,1694,
Canterbury,125,E14000619,Canterbury,04:00,5-Friday,5-Friday 04:00,27182,29018,3408,,,,,,505,
Carshalton & Wallington,133,E14000621,Carshalton & Wallington,04:00,5-Friday,5-Friday 04:00,,,,,,,,,,
Suffolk Central & Ipswich North,547,E14000624,Suffolk Central & Ipswich North,04:00,5-Friday,5-Friday 04:00,35253,11862,6485,2650,,,,,0,
Charnwood,136,E14000625,Charnwood,04:00,5-Friday,5-Friday 04:00,,,,,,,,,,
Chelmsford,139,E14000628,Chelmsford,04:00,5-Friday,5-Friday 04:00,31934,10295,14313,,,,,,580,
Cheltenham,141,E14000630,Cheltenham,04:00,5-Friday,5-Friday 04:00,,,,,,,,,,
Chippenham,147,E14000635,Chippenham,04:00,5-Friday,5-Friday 04:00,,,,,,,,,,
Congleton,159,E14000646,Congleton,04:00,5-Friday,5-Friday 04:00,,,,,,,,,,
Copeland,160,E14000647,Copeland,04:00,5-Friday,5-Friday 04:00,22856,17014,1888,765,,,,,0,
Crewe & Nantwich,169,E14000653,Crewe & Nantwich,04:00,5-Friday,5-Friday 04:00,,,,,,,,,,
Croydon Central,170,E14000654,Croydon Central,04:00,5-Friday,5-Friday 04:00,,,,,,,,,,
Croydon North,171,E14000655,Croydon North,04:00,5-Friday,5-Friday 04:00,,,,,,,,,,
Croydon South,172,E14000656,Croydon South,04:00,5-Friday,5-Friday 04:00,,,,,,,,,,
Daventry,178,E14000660,Daventry,04:00,5-Friday,5-Friday 04:00,,,,,,,,,,
Dudley South,205,E14000672,Dudley South,04:00,5-Friday,5-Friday 04:00,,,,,,,,,,
Dulwich & West Norwood,206,E14000673,Dulwich & West Norwood,04:00,5-Friday,5-Friday 04:00,9160,36521,,9211,,,571,73,242,
East Ham,222,E14000679,East Ham,04:00,5-Friday,5-Friday 04:00,8527,41703,2158,883,,,1107,,250,
Hampshire East,287,E14000680,Hampshire East,04:00,5-Friday,5-Friday 04:00,33446,6287,13750,2600,,,,616,196,
Ellesmere Port & Neston,234,E14000688,Ellesmere Port & Neston,04:00,5-Friday,5-Friday 04:00,,,,,,,,,,
Enfield North,237,E14000691,Enfield North,04:00,5-Friday,5-Friday 04:00,,,,,,,,,,
Erith & Thamesmead,242,E14000696,Erith & Thamesmead,04:00,5-Friday,5-Friday 04:00,16124,19882,1984,876,,,2246,,272,
Exeter,244,E14000698,Exeter,04:00,5-Friday,5-Friday 04:00,19479,29882,,4838,,,1428,259,306,
Feltham & Heston,248,E14000701,Feltham & Heston,04:00,5-Friday,5-Friday 04:00,,,,,,,,,,
Gosport,272,E14000713,Gosport,04:00,5-Friday,5-Friday 04:00,32226,8948,5473,1806,,,,,0,
Hackney North & Stoke Newington,280,E14000720,Hackney North & Stoke Newington,04:00,5-Friday,5-Friday 04:00,6784,39972,4283,4989,,,609,,227,
Hackney South & Shoreditch,281,E14000721,Hackney South & Shoreditch,04:00,5-Friday,5-Friday 04:00,5899,39884,4853,2948,,,744,,111,
Haltemprice & Howden,284,E14000724,Haltemprice & Howden,04:00,5-Friday,5-Friday 04:00,31045,10716,5215,1764,,,,,1039,
Harborough,291,E14000728,Harborough,04:00,5-Friday,5-Friday 04:00,31698,14420,9103,1709,,,,,389,
Harrow East,294,E14000731,Harrow East,04:00,5-Friday,5-Friday 04:00,26935,18765,3791,,,,,,0,
Harrow West,295,E14000732,Harrow West,04:00,5-Friday,5-Friday 04:00,16440,25132,4310,1109,,,931,,0,
Hayes & Harlington,300,E14000737,Hayes & Harlington,04:00,5-Friday,5-Friday 04:00,15284,24545,1947,739,,,1292,,187,
Henley,305,E14000742,Henley,04:00,5-Friday,5-Friday 04:00,,,,,,,,,,
Hereford & Herefordshire South,306,E14000743,Hereford & Herefordshire South,04:00,5-Friday,5-Friday 04:00,30390,10704,6181,2371,,,,,0,
Hexham,312,E14000746,Hexham,04:00,5-Friday,5-Friday 04:00,25152,14603,4672,1723,,,,,0,
Hitchin & Harpenden,315,E14000749,Hitchin & Harpenden,04:00,5-Friday,5-Friday 04:00,,,,,,,,,,
Hornsey & Wood Green,318,E14000752,Hornsey & Wood Green,04:00,5-Friday,5-Friday 04:00,,,,,,,,,,
Horsham,319,E14000753,Horsham,04:00,5-Friday,5-Friday 04:00,,,,,,,,,,
Huddersfield,322,E14000756,Huddersfield,04:00,5-Friday,5-Friday 04:00,,,,,,,,,,
Ilford North,328,E14000759,Ilford North,04:00,5-Friday,5-Friday 04:00,,,,,,,,,,
Ilford South,329,E14000760,Ilford South,04:00,5-Friday,5-Friday 04:00,,,,,,,,,,
Ipswich,332,E14000761,Ipswich,04:00,5-Friday,5-Friday 04:00,24952,19473,2439,1283,,,1432,,0,
Lancaster & Fleetwood,350,E14000776,Lancaster & Fleetwood,04:00,5-Friday,5-Friday 04:00,,,,,,,,,,
Leeds North West,354,E14000780,Leeds North West,04:00,5-Friday,5-Friday 04:00,13222,23971,9397,1389,,,1304,,0,
Leicester East,356,E14000782,Leicester East,04:00,5-Friday,5-Friday 04:00,19071,25090,2800,888,,,1243,,329,
Leicester West,358,E14000784,Leicester West,04:00,5-Friday,5-Friday 04:00,13079,17291,1808,977,,,1620,,0,
Lichfield,367,E14000791,Lichfield,04:00,5-Friday,5-Friday 04:00,34844,11206,5632,1743,,,,,568,
Lincoln,368,E14000792,Lincoln,04:00,5-Friday,5-Friday 04:00,24267,20753,2422,1195,,,1079,,913,
Loughborough,377,E14000797,Loughborough,04:00,5-Friday,5-Friday 04:00,,,,,,,,,,
Louth & Horncastle,378,E14000798,Louth & Horncastle,04:00,5-Friday,5-Friday 04:00,38021,9153,4114,,,,,,1044,
Maidenhead,383,E14000803,Maidenhead,04:00,5-Friday,5-Friday 04:00,32620,7882,13774,2216,,,,,0,
Maldon,386,E14000806,Maldon,04:00,5-Friday,5-Friday 04:00,,,,,,,,,,
Manchester Central,387,E14000807,Manchester Central,04:00,5-Friday,5-Friday 04:00,,,,,,,,,,
Manchester Gorton,388,E14000808,Manchester Gorton,04:00,5-Friday,5-Friday 04:00,,,,,,,,,,
Manchester Withington,389,E14000809,Manchester Withington,04:00,5-Friday,5-Friday 04:00,,,,,,,,,,
Bedfordshire Mid,42,E14000813,Bedfordshire Mid,04:00,5-Friday,5-Friday 04:00,38692,14028,8171,2478,,,,,1348,
Dorset Mid & Poole North,197,E14000815,Dorset Mid & Poole North,04:00,5-Friday,5-Friday 04:00,,,,,,,,,,
Milton Keynes South,398,E14000822,Milton Keynes South,04:00,5-Friday,5-Friday 04:00,,,,,,,,,,
Mole Valley,400,E14000824,Mole Valley,04:00,5-Friday,5-Friday 04:00,31656,2965,19615,1874,,,,464,536,
Morley & Outwood,405,E14000826,Morley & Outwood,04:00,5-Friday,5-Friday 04:00,,,,,,,,,,
Newark,411,E14000829,Newark,04:00,5-Friday,5-Friday 04:00,34660,12844,5308,1950,,,,,0,
Bedfordshire North East,43,E14000841,Bedfordshire North East,04:00,5-Friday,5-Friday 04:00,,,,,,,,,,
Cambridgeshire North East,120,E14000842,Cambridgeshire North East,04:00,5-Friday,5-Friday 04:00,,,,,,,,,,
Hampshire North East,288,E14000844,Hampshire North East,04:00,5-Friday,5-Friday 04:00,35280,5760,15069,1754,,,,,1407,
Hertfordshire North East,309,E14000845,Hertfordshire North East,04:00,5-Friday,5-Friday 04:00,31293,13104,8563,2367,,,,,0,
Somerset North East,518,E14000846,Somerset North East,04:00,5-Friday,5-Friday 04:00,28360,13631,12422,1423,,,,,472,
Herefordshire North,307,E14000847,Herefordshire North,04:00,5-Friday,5-Friday 04:00,32158,6804,7302,4769,,,,,0,
Norfolk North,422,E14000848,Norfolk North,04:00,5-Friday,5-Friday 04:00,29792,3895,15397,,,,1739,,0,
Hampshire North West,289,E14000857,Hampshire North West,04:00,5-Friday,5-Friday 04:00,36591,9327,10283,2717,,,,,0,
Wiltshire North,619,E14000860,Wiltshire North,04:00,5-Friday,5-Friday 04:00,,,,,,,,,,
Nottingham East,432,E14000865,Nottingham East,04:00,5-Friday,5-Friday 04:00,8342,25735,1954,1183,,,1343,,1447,
Nottingham North,433,E14000866,Nottingham North,04:00,5-Friday,5-Friday 04:00,12847,17337,1582,868,,,2686,,0,
Nottingham South,434,E14000867,Nottingham South,04:00,5-Friday,5-Friday 04:00,14018,26586,3935,1583,,,2012,,0,
Old Bexley & Sidcup,438,E14000869,Old Bexley & Sidcup,04:00,5-Friday,5-Friday 04:00,29786,10834,3822,1477,,,,,226,
Oldham East & Saddleworth,439,E14000870,Oldham East & Saddleworth,04:00,5-Friday,5-Friday 04:00,18589,20088,2423,778,,,2980,,1306,
Oldham West & Royton,440,E14000871,Oldham West & Royton,04:00,5-Friday,5-Friday 04:00,13452,24579,1484,681,,,3316,389,533,
Orpington,442,E14000872,Orpington,04:00,5-Friday,5-Friday 04:00,30882,8504,7552,1783,,,,,0,
Oxford East,443,E14000873,Oxford East,04:00,5-Friday,5-Friday 04:00,10303,28135,6884,2392,,,1146,,118,
Penistone & Stocksbridge,448,E14000876,Penistone & Stocksbridge,04:00,5-Friday,5-Friday 04:00,23688,16478,5054,,,,4300,,0,
Penrith & The Border,449,E14000877,Penrith & The Border,04:00,5-Friday,5-Friday 04:00,28875,10356,5364,2159,,,,,1070,
Plymouth Moor View,452,E14000879,Plymouth Moor View,04:00,5-Friday,5-Friday 04:00,,,,,,,,,,
Plymouth Sutton & Devonport,453,E14000880,Plymouth Sutton & Devonport,04:00,5-Friday,5-Friday 04:00,,,,,,,,,,
Poole,455,E14000881,Poole,04:00,5-Friday,5-Friday 04:00,,,,,,,,,,
Rayleigh & Wickford,463,E14000888,Rayleigh & Wickford,04:00,5-Friday,5-Friday 04:00,39864,8864,4171,2002,,,,,0,70.00%
Reading East,464,E14000889,Reading East,04:00,5-Friday,5-Friday 04:00,21178,27102,5035,1549,,,852,,202,
Reading West,465,E14000890,Reading West,04:00,5-Friday,5-Friday 04:00,,,,,,,,,,
Redditch,467,E14000892,Redditch,04:00,5-Friday,5-Friday 04:00,27907,11871,2905,1384,,,,,0,
Richmond (Yorks),472,E14000895,Richmond (Yorks),04:00,5-Friday,5-Friday 04:00,,,,,,,,,,
Romsey & Southampton North,478,E14000901,Romsey & Southampton North,04:00,5-Friday,5-Friday 04:00,27862,5898,16990,,,,,640,0,
Rossendale & Darwen,480,E14000902,Rossendale & Darwen,04:00,5-Friday,5-Friday 04:00,,,,,,,,,,
Rother Valley,481,E14000903,Rother Valley,04:00,5-Friday,5-Friday 04:00,21970,15652,2553,1219,,,6264,,1040,
Rotherham,482,E14000904,Rotherham,04:00,5-Friday,5-Friday 04:00,11615,14736,2090,,,,6125,,1085,
"Ruislip, Northwood & Pinner",484,E14000906,"Ruislip, Northwood & Pinner",04:00,5-Friday,5-Friday 04:00,,,,,,,,,,
Rutland & Melton,488,E14000909,Rutland & Melton,04:00,5-Friday,5-Friday 04:00,,,,,,,,,,
Salisbury,496,E14000912,Salisbury,04:00,5-Friday,5-Friday 04:00,,,,,,,,,,
Scarborough & Whitby,497,E14000913,Scarborough & Whitby,04:00,5-Friday,5-Friday 04:00,27593,17323,3038,,,,,,1770,
Scunthorpe,498,E14000914,Scunthorpe,04:00,5-Friday,5-Friday 04:00,20306,13855,875,670,,,2044,,0,
Selby & Ainsty,501,E14000917,Selby & Ainsty,04:00,5-Friday,5-Friday 04:00,33995,13858,4842,1823,,,,,1900,
Sherwood,508,E14000924,Sherwood,04:00,5-Friday,5-Friday 04:00,,,,,,,,,,
Shipley,509,E14000925,Shipley,04:00,5-Friday,5-Friday 04:00,,,,,,,,,,
Sleaford & North Hykeham,514,E14000929,Sleaford & North Hykeham,04:00,5-Friday,5-Friday 04:00,,,,,,,,,,
Slough,515,E14000930,Slough,04:00,5-Friday,5-Friday 04:00,15781,29421,3357,1047,,,1432,,0,
Leicestershire South,360,E14000940,Leicestershire South,04:00,5-Friday,5-Friday 04:00,,,,,,,,,,
Northamptonshire South,429,E14000942,Northamptonshire South,04:00,5-Friday,5-Friday 04:00,,,,,,,,,,
Staffordshire South,530,E14000945,Staffordshire South,04:00,5-Friday,5-Friday 04:00,,,,,,,,,,
Suffolk South,549,E14000946,Suffolk South,04:00,5-Friday,5-Friday 04:00,33276,10373,6702,3144,,,,,0,
Swindon South,561,E14000947,Swindon South,04:00,5-Friday,5-Friday 04:00,26536,19911,4299,,,,,,0,
Bedfordshire South West,44,E14000949,Bedfordshire South West,04:00,5-Friday,5-Friday 04:00,32212,13629,5435,2031,,,,,0,
Devon South West,191,E14000950,Devon South West,04:00,5-Friday,5-Friday 04:00,,,,,,,,,,
Norfolk South West,425,E14000952,Norfolk South West,04:00,5-Friday,5-Friday 04:00,,,,,,,,,,
Surrey South West,554,E14000953,Surrey South West,04:00,5-Friday,5-Friday 04:00,32191,4775,23374,,,,,,0,
Wiltshire South West,620,E14000954,Wiltshire South West,04:00,5-Friday,5-Friday 04:00,,,,,,,,,,
Spelthorne,527,E14000959,Spelthorne,04:00,5-Friday,5-Friday 04:00,,,,,,,,,,
St Albans,490,E14000960,St Albans,04:00,5-Friday,5-Friday 04:00,22574,5000,28867,1004,,,,,154,
Stone,540,E14000975,Stone,04:00,5-Friday,5-Friday 04:00,31687,11742,4412,2002,,,,,0,
Stourbridge,541,E14000976,Stourbridge,04:00,5-Friday,5-Friday 04:00,,,,,,,,,,
Streatham,544,E14000978,Streatham,04:00,5-Friday,5-Friday 04:00,,,,,,,,,,
Stretford & Urmston,545,E14000979,Stretford & Urmston,04:00,5-Friday,5-Friday 04:00,13778,30195,2969,1357,,,1768,,0,
Sutton & Cheam,556,E14000984,Sutton & Cheam,04:00,5-Friday,5-Friday 04:00,25235,7200,16884,1168,,,,,0,
Tatton,563,E14000987,Tatton,04:00,5-Friday,5-Friday 04:00,28277,10890,7712,2088,,,,,0,
Taunton Deane,564,E14000988,Taunton Deane,04:00,5-Friday,5-Friday 04:00,,,,,,,,,,
Thornbury & Yate,570,E14000994,Thornbury & Yate,04:00,5-Friday,5-Friday 04:00,,,,,,,,,,
Tottenham,578,E14001002,Tottenham,04:00,5-Friday,5-Friday 04:00,,,,,,,,,,
Vauxhall,590,E14001008,Vauxhall,04:00,5-Friday,5-Friday 04:00,,,,,,,,,,
Wakefield,591,E14001009,Wakefield,04:00,5-Friday,5-Friday 04:00,21283,17925,1772,,,,2725,,1322,
Warrington North,599,E14001017,Warrington North,04:00,5-Friday,5-Friday 04:00,,,,,,,,,,
Warrington South,600,E14001018,Warrington South,04:00,5-Friday,5-Friday 04:00,,,,,,,,,,
Warwick & Leamington,601,E14001019,Warwick & Leamington,04:00,5-Friday,5-Friday 04:00,,,,,,,,,,
Waveney,605,E14001022,Waveney,04:00,5-Friday,5-Friday 04:00,31778,13776,2603,2727,,,,,245,
Wentworth & Dearne,611,E14001028,Wentworth & Dearne,04:00,5-Friday,5-Friday 04:00,14577,16742,1705,,,,7019,,1514,
West Ham,614,E14001032,West Ham,04:00,5-Friday,5-Friday 04:00,9793,42181,4161,1780,,,1679,,606,
Lancashire West,349,E14001033,Lancashire West,04:00,5-Friday,5-Friday 04:00,19122,27458,2560,1248,,,2275,,0,
Windsor,623,E14001042,Windsor,04:00,5-Friday,5-Friday 04:00,31501,8147,11422,1796,,,,,376,
Witham,626,E14001045,Witham,04:00,5-Friday,5-Friday 04:00,32876,8794,4584,3090,,,,,0,
Witney,627,E14001046,Witney,04:00,5-Friday,5-Friday 04:00,33856,8770,18679,,,,,,0,
Woking,628,E14001047,Woking,04:00,5-Friday,5-Friday 04:00,,,,,,,,,,
Wyre & Preston North,643,E14001057,Wyre & Preston North,04:00,5-Friday,5-Friday 04:00,31589,14808,4463,1729,,,,,335,
Wythenshawe & Sale East,645,E14001059,Wythenshawe & Sale East,04:00,5-Friday,5-Friday 04:00,,,,,,,,,,
Fermanagh & South Tyrone,249,N06000007,Fermanagh & South Tyrone,04:00,5-Friday,5-Friday 04:00,,,,,,,,,,
Newry & Armagh,419,N06000011,Newry & Armagh,04:00,5-Friday,5-Friday 04:00,,,,,,,,,,
Upper Bann,586,N06000017,Upper Bann,04:00,5-Friday,5-Friday 04:00,,,,,,,,,,
Tyrone West,584,N06000018,Tyrone West,04:00,5-Friday,5-Friday 04:00,,,,521,,,,,40665,
"Berwickshire, Roxburgh & Selkirk",51,S14000008,"Berwickshire, Roxburgh & Selkirk",04:00,5-Friday,5-Friday 04:00,25747,2513,4287,,20599,,,,0,
"Caithness, Sutherland & Easter Ross",115,S14000009,"Caithness, Sutherland & Easter Ross",04:00,5-Friday,5-Friday 04:00,,,,,,,,,,
Ayrshire Central,24,S14000010,Ayrshire Central,04:00,5-Friday,5-Friday 04:00,,,,,,,,,,
"Coatbridge, Chryston & Bellshill",156,S14000011,"Coatbridge, Chryston & Bellshill",04:00,5-Friday,5-Friday 04:00,6113,17056,1564,808,22680,,,,0,
"Cumbernauld, Kilsyth & Kirkintilloch East",173,S14000012,"Cumbernauld, Kilsyth & Kirkintilloch East",04:00,5-Friday,5-Friday 04:00,7380,11182,2966,,24158,,,,0,
"Inverness, Nairn, Badenoch & Strathspey",331,S14000039,"Inverness, Nairn, Badenoch & Strathspey",04:00,5-Friday,5-Friday 04:00,,,,,,,,,,
Motherwell & Wishaw,406,S14000047,Motherwell & Wishaw,04:00,5-Friday,5-Friday 04:00,7150,14354,1675,,20622,,,619,0,
Fife North East,250,S14000049,Fife North East,04:00,5-Friday,5-Friday 04:00,5961,1707,19763,,18447,,,,0,
Monmouth,401,W07000054,Monmouth,04:00,5-Friday,5-Friday 04:00,26160,16178,4909,1353,,1182,,,435,
Ceredigion,135,W07000064,Ceredigion,04:00,5-Friday,5-Friday 04:00,8879,6317,6975,663,,15208,2063,,0,
Merthyr Tydfil & Rhymney,393,W07000071,Merthyr Tydfil & Rhymney,04:00,5-Friday,5-Friday 04:00,6307,16913,1116,,,2446,3604,,1860,
Cardiff West,129,W07000079,Cardiff West,04:00,5-Friday,5-Friday 04:00,,,,,,,,,,
Cardiff South & Penarth,128,W07000080,Cardiff South & Penarth,04:00,5-Friday,5-Friday 04:00,14645,27382,2985,1182,,2386,1999,,0,
Beverley & Holderness,53,E14000556,Beverley & Holderness,04:30,5-Friday,5-Friday 04:30,33250,12802,4671,1378,,,,,1441,
Bognor Regis & Littlehampton,74,E14000576,Bognor Regis & Littlehampton,04:30,5-Friday,5-Friday 04:30,,,,,,,,,,
"Chester, City of",143,E14000640,"Chester, City of",04:30,5-Friday,5-Friday 04:30,,,,,,,,,,
Derbyshire Dales,183,E14000664,Derbyshire Dales,04:30,5-Friday,5-Friday 04:30,,,,,,,,,,
Yorkshire East,650,E14000683,Yorkshire East,04:30,5-Friday,5-Friday 04:30,33988,11201,4219,1675,,,,,1686,
Elmet & Rothwell,235,E14000689,Elmet & Rothwell,04:30,5-Friday,5-Friday 04:30,,,,,,,,,,
Kensington,340,E14000768,Kensington,04:30,5-Friday,5-Friday 04:30,,,,,,,,,,
Mansfield,390,E14000810,Mansfield,04:30,5-Friday,5-Friday 04:30,31484,15178,1626,,,,,,458,
Dorset North,198,E14000839,Dorset North,04:30,5-Friday,5-Friday 04:30,,,,,,,,,,
Dorset South,199,E14000936,Dorset South,04:30,5-Friday,5-Friday 04:30,,,,,,,,,,
Uxbridge & Ruislip South,587,E14001007,Uxbridge & Ruislip South,04:30,5-Friday,5-Friday 04:30,25351,18141,3026,1090,,,,283,130,
Weaver Vale,607,E14001024,Weaver Vale,04:30,5-Friday,5-Friday 04:30,22210,22772,3300,1051,,,1380,,0,
Dorset West,200,E14001031,Dorset West,04:30,5-Friday,5-Friday 04:30,,,,,,,,,,
Preseli Pembrokeshire,459,W07000065,Preseli Pembrokeshire,04:30,5-Friday,5-Friday 04:30,21381,16319,1943,,,2776,,,0,
Carmarthen West & Pembrokeshire South,132,W07000066,Carmarthen West & Pembrokeshire South,04:30,5-Friday,5-Friday 04:30,,,,,,,,,,
Arundel & South Downs,18,E14000534,Arundel & South Downs,05:00,5-Friday,5-Friday 05:00,,,,,,,,,,
Ashfield,19,E14000535,Ashfield,05:00,5-Friday,5-Friday 05:00,,,,,,,,,,
Ashton Under Lyne,21,E14000537,Ashton Under Lyne,05:00,5-Friday,5-Friday 05:00,,,,,,,,,,
Basingstoke,34,E14000545,Basingstoke,05:00,5-Friday,5-Friday 05:00,29593,15395,6841,2138,,,,,746,
Bermondsey & Old Southwark,49,E14000553,Bermondsey & Old Southwark,05:00,5-Friday,5-Friday 05:00,,,,,,,,,,
Bethnal Green & Bow,52,E14000555,Bethnal Green & Bow,05:00,5-Friday,5-Friday 05:00,,,,,,,,,,
Blyth Valley,73,E14000575,Blyth Valley,05:00,5-Friday,5-Friday 05:00,17440,16728,2151,1146,,,3394,,0,63.00%
Bolsover,75,E14000577,Bolsover,05:00,5-Friday,5-Friday 05:00,,,,,,,,,,
Bradford East,85,E14000587,Bradford East,05:00,5-Friday,5-Friday 05:00,,,,,,,,,,
Bradford South,86,E14000588,Bradford South,05:00,5-Friday,5-Friday 05:00,,,,,,,,,,
Bradford West,87,E14000589,Bradford West,05:00,5-Friday,5-Friday 05:00,,,,,,,,,,
Bridgwater & Somerset West,95,E14000595,Bridgwater & Somerset West,05:00,5-Friday,5-Friday 05:00,,,,,,,,,,
Broadland,103,E14000603,Broadland,05:00,5-Friday,5-Friday 05:00,,,,,,,,,,
Broxtowe,107,E14000607,Broxtowe,05:00,5-Friday,5-Friday 05:00,26602,21271,,1806,,,,,5593,
Buckingham,108,E14000608,Buckingham,05:00,5-Friday,5-Friday 05:00,,,,,,,,,,
Calder Valley,116,E14000614,Calder Valley,05:00,5-Friday,5-Friday 05:00,,,,,,,,,,
Camberwell & Peckham,117,E14000615,Camberwell & Peckham,05:00,5-Friday,5-Friday 05:00,6478,40258,5087,3501,,,1041,,127,
Camborne & Redruth,118,E14000616,Camborne & Redruth,05:00,5-Friday,5-Friday 05:00,26764,18064,3504,1359,,,,,676,
Cheadle,138,E14000627,Cheadle,05:00,5-Friday,5-Friday 05:00,,,,,,,,,,
Colne Valley,158,E14000645,Colne Valley,05:00,5-Friday,5-Friday 05:00,,,,,,,,,,
Corby,161,E14000648,Corby,05:00,5-Friday,5-Friday 05:00,,,,,,,,,,
Denton & Reddish,180,E14000661,Denton & Reddish,05:00,5-Friday,5-Friday 05:00,,,,,,,,,,
Derby North,181,E14000662,Derby North,05:00,5-Friday,5-Friday 05:00,,,,,,,,,,
Derby South,182,E14000663,Derby South,05:00,5-Friday,5-Friday 05:00,,,,,,,,,,
Dewsbury,193,E14000666,Dewsbury,05:00,5-Friday,5-Friday 05:00,,,,,,,,,,
Dudley North,204,E14000671,Dudley North,05:00,5-Friday,5-Friday 05:00,,,,,,,,,,
Worthing East & Shoreham,638,E14000682,Worthing East & Shoreham,05:00,5-Friday,5-Friday 05:00,,,,,,,,,,
Eddisbury,227,E14000686,Eddisbury,05:00,5-Friday,5-Friday 05:00,30095,11652,9582,1191,,,,451,0,
Enfield Southgate,238,E14000692,Enfield Southgate,05:00,5-Friday,5-Friday 05:00,18473,22923,4344,1042,,,494,,0,
Faversham & Kent Mid,247,E14000700,Faversham & Kent Mid,05:00,5-Friday,5-Friday 05:00,31864,9888,6170,2103,,,,,369,
Filton & Bradley Stoke,251,E14000702,Filton & Bradley Stoke,05:00,5-Friday,5-Friday 05:00,26293,20647,4992,1563,,,,,257,
Gravesham,275,E14000715,Gravesham,05:00,5-Friday,5-Friday 05:00,,,,,,,,,,
Halesowen & Rowley Regis,282,E14000722,Halesowen & Rowley Regis,05:00,5-Friday,5-Friday 05:00,,,,,,,,,,
Halifax,283,E14000723,Halifax,05:00,5-Friday,5-Friday 05:00,,,,,,,,,,
Hampstead & Kilburn,290,E14000727,Hampstead & Kilburn,05:00,5-Friday,5-Friday 05:00,,,,,,,,,,
Hazel Grove,301,E14000738,Hazel Grove,05:00,5-Friday,5-Friday 05:00,21592,5508,17169,,,,,,0,
Hemsworth,303,E14000740,Hemsworth,05:00,5-Friday,5-Friday 05:00,,,,,,,,,,
Holborn & St Pancras,316,E14000750,Holborn & St Pancras,05:00,5-Friday,5-Friday 05:00,,,,,,,,,,
Keighley,338,E14000766,Keighley,05:00,5-Friday,5-Friday 05:00,,,,,,,,,,
Kingswood,344,E14000774,Kingswood,05:00,5-Friday,5-Friday 05:00,,,,,,,,,,
Leeds North East,353,E14000779,Leeds North East,05:00,5-Friday,5-Friday 05:00,,,,,,,,,,
Ludlow,379,E14000799,Ludlow,05:00,5-Friday,5-Friday 05:00,,,,,,,,,,
Macclesfield,382,E14000802,Macclesfield,05:00,5-Friday,5-Friday 05:00,,,,,,,,,,
Maidstone & The Weald,384,E14000804,Maidstone & The Weald,05:00,5-Friday,5-Friday 05:00,31220,9448,8482,2172,,,,,358,
Meon Valley,391,E14000811,Meon Valley,05:00,5-Friday,5-Friday 05:00,,,,,,,,,,
Derbyshire Mid,184,E14000814,Derbyshire Mid,05:00,5-Friday,5-Friday 05:00,,,,,,,,,,
Norfolk Mid,421,E14000816,Norfolk Mid,05:00,5-Friday,5-Friday 05:00,35051,12457,7739,,,,,,939,
Milton Keynes North,397,E14000821,Milton Keynes North,05:00,5-Friday,5-Friday 05:00,,,,,,,,,,
Morecambe & Lunesdale,404,E14000825,Morecambe & Lunesdale,05:00,5-Friday,5-Friday 05:00,,,,,,,,,,
"Normanton, Pontefract & Castleford",426,E14000836,"Normanton, Pontefract & Castleford",05:00,5-Friday,5-Friday 05:00,0,0,0,,,,0,,0,
Derbyshire North East,185,E14000843,Derbyshire North East,05:00,5-Friday,5-Friday 05:00,28897,16021,3021,1278,,,,,0,
Shropshire North,511,E14000849,Shropshire North,05:00,5-Friday,5-Friday 05:00,,,,,,,,,,
Thanet North,567,E14000852,Thanet North,05:00,5-Friday,5-Friday 05:00,,,,,,,,,,
Northampton North,427,E14000861,Northampton North,05:00,5-Friday,5-Friday 05:00,,,,,,,,,,
Northampton South,428,E14000862,Northampton South,05:00,5-Friday,5-Friday 05:00,20914,16217,2482,1222,,,,,0,
Oxford West & Abingdon,444,E14000874,Oxford West & Abingdon,05:00,5-Friday,5-Friday 05:00,,,,,,,,,,
Poplar & Limehouse,456,E14000882,Poplar & Limehouse,05:00,5-Friday,5-Friday 05:00,,,,,,,,,,
Pudsey,461,E14000886,Pudsey,05:00,5-Friday,5-Friday 05:00,,,,,,,,,,
Somerton & Frome,519,E14000932,Somerton & Frome,05:00,5-Friday,5-Friday 05:00,,,,,,,,,,
Cambridgeshire South East,123,E14000937,Cambridgeshire South East,05:00,5-Friday,5-Friday 05:00,,,,,,,,,,
Thanet South,568,E14000948,Thanet South,05:00,5-Friday,5-Friday 05:00,,,,,,,,,,
Hertfordshire South West,310,E14000951,Hertfordshire South West,05:00,5-Friday,5-Friday 05:00,,,,,,,,,,
Southampton Itchen,523,E14000955,Southampton Itchen,05:00,5-Friday,5-Friday 05:00,,,,,,,,,,
Stalybridge & Hyde,531,E14000967,Stalybridge & Hyde,05:00,5-Friday,5-Friday 05:00,16079,19025,1827,1411,,,3591,,435,
Stockport,534,E14000969,Stockport,05:00,5-Friday,5-Friday 05:00,11656,21695,5043,1403,,,1918,,0,
Stoke-on-Trent Central,537,E14000972,Stoke-on-Trent Central,05:00,5-Friday,5-Friday 05:00,,,,,,,,,,
Stoke-on-Trent North,538,E14000973,Stoke-on-Trent North,05:00,5-Friday,5-Friday 05:00,,,,,,,,,,
Stoke-on-Trent South,539,E14000974,Stoke-on-Trent South,05:00,5-Friday,5-Friday 05:00,,,,,,,,,,
Tewkesbury,566,E14000990,Tewkesbury,05:00,5-Friday,5-Friday 05:00,,,,,,,,,,
Thirsk & Malton,569,E14000993,Thirsk & Malton,05:00,5-Friday,5-Friday 05:00,,,,,,,,,,
Tiverton & Honiton,572,E14000996,Tiverton & Honiton,05:00,5-Friday,5-Friday 05:00,,,,,,,,,,
Devon West & Torridge,192,E14001000,Devon West & Torridge,05:00,5-Friday,5-Friday 05:00,,,,,,,,,,
Wantage,597,E14001015,Wantage,05:00,5-Friday,5-Friday 05:00,,,,,,,,,,
Winchester,622,E14001041,Winchester,05:00,5-Friday,5-Friday 05:00,,,,,,,,,,
Worthing West,639,E14001055,Worthing West,05:00,5-Friday,5-Friday 05:00,,,,,,,,,,
York Central,648,E14001061,York Central,05:00,5-Friday,5-Friday 05:00,,,,,,,,,,
York Outer,649,E14001062,York Outer,05:00,5-Friday,5-Friday 05:00,,,,,,,,,,
Argyll & Bute,17,S14000005,Argyll & Bute,05:00,5-Friday,5-Friday 05:00,,,,,,,,,,
Banff & Buchan,27,S14000007,Banff & Buchan,05:00,5-Friday,5-Friday 05:00,,,,,,,,,,
Dumfries & Galloway,207,S14000013,Dumfries & Galloway,05:00,5-Friday,5-Friday 05:00,,,,,,,,,,
"Dumfriesshire, Clydesdale & Tweeddale",208,S14000014,"Dumfriesshire, Clydesdale & Tweeddale",05:00,5-Friday,5-Friday 05:00,,,,,,,,,,
Edinburgh East,228,S14000022,Edinburgh East,05:00,5-Friday,5-Friday 05:00,,,,,,,,,,
Edinburgh North & Leith,229,S14000023,Edinburgh North & Leith,05:00,5-Friday,5-Friday 05:00,,,,,,,,,,
Edinburgh South,230,S14000024,Edinburgh South,05:00,5-Friday,5-Friday 05:00,,,,,,,,,,
Edinburgh South West,231,S14000025,Edinburgh South West,05:00,5-Friday,5-Friday 05:00,,,,,,,,,,
Edinburgh West,232,S14000026,Edinburgh West,05:00,5-Friday,5-Friday 05:00,,,,,,,,,,
Gordon,271,S14000037,Gordon,05:00,5-Friday,5-Friday 05:00,,,,,,,,,,
"Ross, Skye & Lochaber",479,S14000055,"Ross, Skye & Lochaber",05:00,5-Friday,5-Friday 05:00,,,,,,,,,,
Aberdeenshire West & Kincardine,5,S14000058,Aberdeenshire West & Kincardine,05:00,5-Friday,5-Friday 05:00,,,,,,,,,,
Barrow & Furness,31,E14000543,Barrow & Furness,05:30,5-Friday,5-Friday 05:30,23876,18087,2025,703,,,1355,,0,
Chipping Barnet,148,E14000636,Chipping Barnet,05:30,5-Friday,5-Friday 05:30,,,,,,,,,,
Finchley & Golders Green,252,E14000703,Finchley & Golders Green,05:30,5-Friday,5-Friday 05:30,,,,,,,,,,
Hendon,304,E14000741,Hendon,05:30,5-Friday,5-Friday 05:30,,,,,,,,,,
Chatham & Aylesford,137,E14000626,Chatham & Aylesford,06:00,5-Friday,5-Friday 06:00,,,,,,,,,,
Devizes,187,E14000665,Devizes,06:00,5-Friday,5-Friday 06:00,,,,,,,,,,
Devon East,189,E14000678,Devon East,06:00,5-Friday,5-Friday 06:00,,,,,,,,,,
Gillingham & Rainham,261,E14000711,Gillingham & Rainham,06:00,5-Friday,5-Friday 06:00,,,,,,,,,,
Sussex Mid,555,E14000817,Sussex Mid,06:00,5-Friday,5-Friday 06:00,,,,,,,,,,
Richmond Park,473,E14000896,Richmond Park,06:00,5-Friday,5-Friday 06:00,26793,3407,34559,,,,,,61,
Rochester & Strood,475,E14000898,Rochester & Strood,06:00,5-Friday,5-Friday 06:00,,,,,,,,,,
Skipton & Ripon,513,E14000928,Skipton & Ripon,06:00,5-Friday,5-Friday 06:00,,,,,,,,,,
Southampton Test,524,E14000956,Southampton Test,06:00,5-Friday,5-Friday 06:00,,,,,,,,,,
Twickenham,581,E14001005,Twickenham,06:00,5-Friday,5-Friday 06:00,22045,5476,36166,,,,816,,0,
Wansbeck,596,E14001014,Wansbeck,06:00,5-Friday,5-Friday 06:00,16310,17124,2539,1217,,,3141,,178,64.00%
Wells,609,E14001026,Wells,06:00,5-Friday,5-Friday 06:00,,,,,,,,,,
Orkney & Shetland,441,S14000051,Orkney & Shetland,06:00,5-Friday,5-Friday 06:00,,,,,,,,,,
Brighton Kemptown,97,E14000597,Brighton Kemptown,07:00,5-Friday,5-Friday 07:00,16972,25033,2964,2237,,,1327,,0,
Brighton Pavilion,98,E14000598,Brighton Pavilion,07:00,5-Friday,5-Friday 07:00,,,,,,,,,,
Hove,321,E14000755,Hove,07:00,5-Friday,5-Friday 07:00,,,,,,,,,,
Truro & Falmouth,579,E14001003,Truro & Falmouth,07:00,5-Friday,5-Friday 07:00,27237,22676,7150,1714,,,,,413,
St Ives,494,E14000964,St Ives,08:00,5-Friday,5-Friday 08:00,,,,,,,,,,
St Austell & Newquay,491,E14000961,St Austell & Newquay,09:00,5-Friday,5-Friday 09:00,,,,,,,,,,
Cornwall North,162,E14000837,Cornwall North,10:00,5-Friday,5-Friday 10:00,,,,,,,,,,
Cornwall South East,163,E14000938,Cornwall South East,10:00,5-Friday,5-Friday 10:00,,,,,,,,,,
