 ,Westminster Constituency Code,NUTS1 Region,Winning party,Conservative,Labour,Liberal Democrats,SNP,Other,Green,Brexit Party,Plaid Cymru
Aldershot,E14000530,South East,conservative,53%,28%,13%,,,5%,,
Aldridge-Brownhills,E14000531,West Midlands,conservative,62%,23%,10%,,2%,3%,,
Altrincham and Sale West,E14000532,North West,conservative,46%,33%,16%,,2%,3%,,
Amber Valley,E14000533,East Midlands,conservative,55%,31%,9%,,,5%,,
Arundel and South Downs,E14000534,South East,conservative,52%,17%,23%,,2%,6%,,
Ashfield,E14000535,East Midlands,conservative,38%,28%,9%,,15%,2%,8%,
Ashford,E14000536,South East,conservative,53%,27%,12%,,3%,4%,,
Ashton-under-Lyne,E14000537,North West,labour,29%,50%,6%,,,4%,12%,
Aylesbury,E14000538,South East,conservative,53%,26%,17%,,,3%,,
Banbury,E14000539,South East,conservative,51%,30%,16%,,,3%,,
Barking,E14000540,London,labour,23%,56%,6%,,,4%,11%,
Barnsley Central,E14000541,Yorkshire and the Humber,labour,27%,51%,6%,,2%,2%,12%,
Barnsley East,E14000542,Yorkshire and the Humber,labour,28%,50%,5%,,,2%,15%,
Barrow and Furness,E14000543,North West,labour,39%,44%,9%,,,2%,6%,
Basildon and Billericay,E14000544,East of England,conservative,62%,24%,7%,,6%,1%,,
Basingstoke,E14000545,South East,conservative,53%,30%,11%,,2%,4%,,
Bassetlaw,E14000546,East Midlands,conservative,37%,37%,9%,,,,17%,
Bath,E14000547,South West,libdem,32%,14%,50%,,1%,,3%,
Batley and Spen,E14000548,Yorkshire and the Humber,labour,35%,43%,7%,,4%,2%,9%,
Battersea,E14000549,London,labour,35%,42%,17%,,,4%,3%,
Beaconsfield,E14000550,South East,conservative,62%,22%,,,6%,10%,,
Beckenham,E14000551,London,conservative,54%,27%,16%,,,3%,,
Bedford,E14000552,East of England,conservative,42%,41%,10%,,,3%,4%,
Bermondsey and Old Southwark,E14000553,London,labour,15%,49%,34%,,,,1%,
Berwick-upon-Tweed,E14000554,North East,conservative,52%,21%,25%,,,2%,,
Bethnal Green and Bow,E14000555,London,labour,14%,62%,12%,,4%,4%,4%,
Beverley and Holderness,E14000556,Yorkshire and the Humber,conservative,55%,26%,10%,,6%,3%,,
Bexhill and Battle,E14000557,South East,conservative,60%,22%,14%,,,4%,,
Bexleyheath and Crayford,E14000558,London,conservative,57%,27%,7%,,2%,6%,,
Birkenhead,E14000559,North West,labour,18%,58%,9%,,4%,4%,7%,
"Birmingham, Edgbaston",E14000560,West Midlands,labour,35%,48%,10%,,,2%,5%,
"Birmingham, Erdington",E14000561,West Midlands,labour,35%,46%,8%,,,5%,6%,
"Birmingham, Hall Green",E14000562,West Midlands,labour,14%,66%,10%,,1%,4%,5%,
"Birmingham, Hodge Hill",E14000563,West Midlands,labour,16%,63%,9%,,1%,5%,7%,
"Birmingham, Ladywood",E14000564,West Midlands,labour,13%,71%,9%,,,3%,4%,
"Birmingham, Northfield",E14000565,West Midlands,labour,36%,44%,11%,,1%,3%,6%,
"Birmingham, Perry Barr",E14000566,West Midlands,labour,26%,54%,8%,,2%,2%,8%,
"Birmingham, Selly Oak",E14000567,West Midlands,labour,28%,55%,8%,,,3%,5%,
"Birmingham, Yardley",E14000568,West Midlands,labour,23%,51%,18%,,,2%,7%,
Bishop Auckland,E14000569,North East,conservative,44%,39%,9%,,,,8%,
Blackburn,E14000570,North West,labour,25%,59%,4%,,4%,2%,6%,
Blackley and Broughton,E14000571,North West,labour,22%,61%,6%,,,3%,9%,
Blackpool North and Cleveleys,E14000572,North West,conservative,53%,37%,5%,,4%,1%,,
Blackpool South,E14000573,North West,labour,37%,43%,7%,,3%,2%,8%,
Blaydon,E14000574,North East,labour,30%,40%,15%,,3%,5%,8%,
Blyth Valley,E14000575,North East,labour,36%,42%,10%,,,3%,9%,
Bognor Regis and Littlehampton,E14000576,South East,conservative,59%,20%,13%,,5%,3%,,
Bolsover,E14000577,East Midlands,conservative,41%,38%,8%,,2%,2%,10%,
Bolton North East,E14000578,North West,labour,37%,40%,10%,,,5%,8%,
Bolton South East,E14000579,North West,labour,30%,51%,5%,,,2%,11%,
Bolton West,E14000580,North West,conservative,47%,41%,8%,,,3%,,
Bootle,E14000581,North West,labour,14%,67%,7%,,,3%,9%,
Boston and Skegness,E14000582,East Midlands,conservative,66%,18%,9%,,6%,,,
Bosworth,E14000583,East Midlands,conservative,56%,19%,21%,,,5%,,
Bournemouth East,E14000584,South West,conservative,52%,28%,11%,,3%,6%,,
Bournemouth West,E14000585,South West,conservative,52%,31%,13%,,,4%,,
Bracknell,E14000586,South East,conservative,56%,23%,16%,,4%,1%,,
Bradford East,E14000587,Yorkshire and the Humber,labour,23%,57%,7%,,,4%,9%,
Bradford South,E14000588,Yorkshire and the Humber,labour,37%,44%,6%,,,2%,11%,
Bradford West,E14000589,Yorkshire and the Humber,labour,17%,58%,7%,,4%,4%,10%,
Braintree,E14000590,East of England,conservative,56%,22%,15%,,7%,,,
Brent Central,E14000591,London,labour,25%,61%,10%,,,5%,,
Brent North,E14000592,London,labour,33%,49%,9%,,2%,3%,4%,
Brentford and Isleworth,E14000593,London,labour,30%,46%,18%,,,1%,5%,
Brentwood and Ongar,E14000594,East of England,conservative,60%,18%,15%,,4%,3%,,
Bridgwater and West Somerset,E14000595,South West,conservative,58%,23%,14%,,2%,4%,,
Brigg and Goole,E14000596,Yorkshire and the Humber,conservative,59%,28%,9%,,,4%,,
"Brighton, Kemptown",E14000597,South East,labour,35%,52%,6%,,,4%,3%,
"Brighton, Pavilion",E14000598,South East,green,18%,29%,,,17%,35%,2%,
Bristol East,E14000599,South West,labour,31%,51%,6%,,,7%,5%,
Bristol North West,E14000600,South West,labour,39%,48%,10%,,,2%,,
Bristol South,E14000601,South West,labour,27%,52%,7%,,,8%,6%,
Bristol West,E14000602,South West,labour,14%,64%,,,,18%,4%,
Broadland,E14000603,East of England,conservative,55%,25%,14%,,2%,3%,,
Bromley and Chislehurst,E14000604,London,conservative,53%,26%,15%,,2%,3%,,
Bromsgrove,E14000605,West Midlands,conservative,57%,25%,15%,,,3%,,
Broxbourne,E14000606,East of England,conservative,63%,22%,9%,,,6%,,
Broxtowe,E14000607,East Midlands,conservative,46%,40%,,,10%,5%,,
Buckingham,E14000608,South East,conservative,50%,15%,29%,,4%,,3%,
Burnley,E14000609,North West,labour,33%,38%,12%,,6%,1%,9%,
Burton,E14000610,West Midlands,conservative,56%,29%,13%,,,3%,,
Bury North,E14000611,North West,labour,39%,49%,4%,,,2%,5%,
Bury South,E14000612,North West,conservative,43%,39%,8%,,3%,1%,6%,
Bury St Edmunds,E14000613,East of England,conservative,56%,27%,,,4%,13%,,
Calder Valley,E14000614,Yorkshire and the Humber,conservative,46%,40%,9%,,5%,,,
Camberwell and Peckham,E14000615,London,labour,15%,68%,10%,,1%,5%,2%,
Camborne and Redruth,E14000616,South West,conservative,49%,39%,7%,,4%,1%,,
Cambridge,E14000617,East of England,labour,16%,46%,33%,,0%,2%,2%,
Cannock Chase,E14000618,West Midlands,conservative,60%,32%,,,,8%,,
Canterbury,E14000619,South East,labour,40%,46%,10%,,4%,,,
Carlisle,E14000620,North West,conservative,50%,41%,7%,,3%,,,
Carshalton and Wallington,E14000621,London,conservative,42%,13%,38%,,2%,1%,3%,
Castle Point,E14000622,East of England,conservative,68%,22%,9%,,,,,
Central Devon,E14000623,South West,conservative,53%,23%,19%,,,5%,,
Central Suffolk and North Ipswich,E14000624,East of England,conservative,58%,26%,11%,,,4%,,
Charnwood,E14000625,East Midlands,conservative,59%,24%,10%,,,7%,,
Chatham and Aylesford,E14000626,South East,conservative,55%,29%,8%,,2%,6%,,
Cheadle,E14000627,North West,conservative,47%,13%,40%,,,,,
Chelmsford,E14000628,East of England,conservative,50%,23%,22%,,6%,,,
Chelsea and Fulham,E14000629,London,conservative,50%,26%,23%,,2%,,,
Cheltenham,E14000630,South West,libdem,46%,6%,47%,,1%,,,
Chesham and Amersham,E14000631,South East,conservative,54%,15%,26%,,,5%,,
Chesterfield,E14000632,East Midlands,labour,37%,41%,10%,,2%,3%,8%,
Chichester,E14000633,South East,conservative,53%,18%,24%,,2%,3%,,
Chingford and Woodford Green,E14000634,London,conservative,49%,40%,11%,,,,,
Chippenham,E14000635,South West,conservative,52%,15%,33%,,,,,
Chipping Barnet,E14000636,London,conservative,46%,38%,11%,,1%,4%,,
Chorley,E14000637,North West,other,,,,,92%,8%,,
Christchurch,E14000638,South West,conservative,61%,16%,16%,,,7%,,
Cities of London and Westminster,E14000639,London,libdem,36%,23%,38%,,1%,2%,,
City of Chester,E14000640,North West,labour,34%,48%,9%,,,3%,5%,
City of Durham,E14000641,North East,labour,27%,51%,14%,,,2%,6%,
Clacton,E14000642,East of England,conservative,63%,17%,9%,,8%,3%,,
Cleethorpes,E14000643,Yorkshire and the Humber,conservative,58%,28%,9%,,,5%,,
Colchester,E14000644,East of England,conservative,45%,35%,16%,,,5%,,
Colne Valley,E14000645,Yorkshire and the Humber,conservative,44%,41%,7%,,1%,4%,3%,
Congleton,E14000646,North West,conservative,50%,30%,14%,,1%,4%,,
Copeland,E14000647,North West,conservative,46%,44%,8%,,,2%,,
Corby,E14000648,East Midlands,conservative,51%,38%,11%,,,,,
Coventry North East,E14000649,West Midlands,labour,28%,54%,6%,,,3%,8%,
Coventry North West,E14000650,West Midlands,labour,33%,39%,12%,,,3%,13%,
Coventry South,E14000651,West Midlands,labour,33%,45%,13%,,1%,2%,6%,
Crawley,E14000652,South East,conservative,50%,39%,8%,,,3%,,
Crewe and Nantwich,E14000653,North West,labour,41%,44%,6%,,2%,2%,5%,
Croydon Central,E14000654,London,labour,39%,45%,7%,,,5%,5%,
Croydon North,E14000655,London,labour,21%,59%,10%,,1%,4%,5%,
Croydon South,E14000656,London,conservative,50%,27%,16%,,2%,5%,,
Dagenham and Rainham,E14000657,London,labour,40%,40%,5%,,1%,5%,10%,
Darlington,E14000658,North East,labour,38%,41%,10%,,1%,3%,6%,
Dartford,E14000659,South East,conservative,57%,28%,10%,,,5%,,
Daventry,E14000660,East Midlands,conservative,60%,21%,16%,,,2%,,
Denton and Reddish,E14000661,North West,labour,27%,50%,7%,,3%,2%,10%,
Derby North,E14000662,East Midlands,conservative,45%,38%,11%,,1%,2%,3%,
Derby South,E14000663,East Midlands,labour,37%,44%,12%,,,,7%,
Derbyshire Dales,E14000664,East Midlands,conservative,54%,27%,16%,,,3%,,
Devizes,E14000665,South West,conservative,60%,19%,15%,,,6%,,
Dewsbury,E14000666,Yorkshire and the Humber,conservative,42%,39%,8%,,3%,3%,5%,
Don Valley,E14000667,Yorkshire and the Humber,conservative,41%,37%,6%,,7%,1%,7%,
Doncaster Central,E14000668,Yorkshire and the Humber,labour,36%,44%,5%,,2%,1%,11%,
Doncaster North,E14000669,Yorkshire and the Humber,labour,32%,48%,5%,,3%,,11%,
Dover,E14000670,South East,conservative,54%,34%,6%,,3%,3%,,
Dudley North,E14000671,West Midlands,conservative,54%,35%,8%,,,3%,,
Dudley South,E14000672,West Midlands,conservative,61%,28%,7%,,,4%,,
Dulwich and West Norwood,E14000673,London,labour,20%,63%,,,1%,12%,4%,
Ealing Central and Acton,E14000674,London,labour,30%,50%,16%,,,2%,3%,
Ealing North,E14000675,London,labour,33%,56%,9%,,,3%,,
"Ealing, Southall",E14000676,London,labour,22%,55%,12%,,1%,5%,5%,
Easington,E14000677,North East,labour,21%,54%,7%,,5%,,13%,
East Devon,E14000678,South West,conservative,53%,8%,5%,,33%,1%,,
East Ham,E14000679,London,labour,13%,68%,6%,,3%,4%,7%,
East Hampshire,E14000680,South East,conservative,54%,13%,28%,,3%,3%,,
East Surrey,E14000681,South East,conservative,58%,15%,20%,,5%,2%,,
East Worthing and Shoreham,E14000682,South East,conservative,51%,33%,8%,,2%,6%,,
East Yorkshire,E14000683,Yorkshire and the Humber,conservative,60%,24%,8%,,5%,3%,,
Eastbourne,E14000684,South East,conservative,44%,7%,41%,,3%,,5%,
Eastleigh,E14000685,South East,conservative,51%,16%,31%,,,2%,,
Eddisbury,E14000686,North West,conservative,52%,30%,13%,,3%,2%,,
Edmonton,E14000687,London,labour,22%,60%,8%,,2%,3%,7%,
Ellesmere Port and Neston,E14000688,North West,labour,34%,48%,8%,,,2%,8%,
Elmet and Rothwell,E14000689,Yorkshire and the Humber,conservative,56%,29%,9%,,4%,2%,,
Eltham,E14000690,London,labour,36%,43%,11%,,,4%,6%,
Enfield North,E14000691,London,labour,34%,49%,7%,,,4%,6%,
"Enfield, Southgate",E14000692,London,labour,39%,45%,11%,,,2%,3%,
Epping Forest,E14000693,East of England,conservative,59%,20%,12%,,3%,6%,,
Epsom and Ewell,E14000694,South East,conservative,52%,20%,23%,,3%,2%,,
Erewash,E14000695,East Midlands,conservative,52%,33%,8%,,2%,4%,,
Erith and Thamesmead,E14000696,London,labour,30%,46%,10%,,3%,2%,9%,
Esher and Walton,E14000697,South East,conservative,50%,16%,31%,,3%,,,
Exeter,E14000698,South West,labour,30%,53%,,,2%,9%,6%,
Fareham,E14000699,South East,conservative,60%,18%,16%,,,6%,,
Faversham and Mid Kent,E14000700,South East,conservative,57%,22%,15%,,2%,5%,,
Feltham and Heston,E14000701,London,labour,32%,50%,7%,,,2%,9%,
Filton and Bradley Stoke,E14000702,South West,conservative,48%,36%,12%,,2%,2%,,
Finchley and Golders Green,E14000703,London,conservative,43%,37%,20%,,,,,
Folkestone and Hythe,E14000704,South East,conservative,55%,23%,12%,,3%,7%,,
Forest of Dean,E14000705,South West,conservative,57%,32%,,,4%,8%,,
Fylde,E14000706,North West,conservative,55%,28%,11%,,4%,2%,,
Gainsborough,E14000707,East Midlands,conservative,57%,23%,16%,,4%,,,
Garston and Halewood,E14000708,North West,labour,16%,64%,10%,,1%,3%,7%,
Gateshead,E14000709,North East,labour,34%,54%,7%,,,5%,,
Gedling,E14000710,East Midlands,labour,38%,43%,6%,,,5%,8%,
Gillingham and Rainham,E14000711,South East,conservative,55%,29%,9%,,5%,2%,,
Gloucester,E14000712,South West,conservative,54%,33%,10%,,,3%,,
Gosport,E14000713,South East,conservative,64%,21%,12%,,,3%,,
Grantham and Stamford,E14000714,East Midlands,conservative,62%,22%,12%,,,4%,,
Gravesham,E14000715,South East,conservative,57%,31%,7%,,,5%,,
Great Grimsby,E14000716,Yorkshire and the Humber,conservative,42%,34%,11%,,2%,3%,9%,
Great Yarmouth,E14000717,East of England,conservative,59%,27%,5%,,6%,2%,,
Greenwich and Woolwich,E14000718,London,labour,22%,55%,16%,,0%,3%,3%,
Guildford,E14000719,South East,conservative,47%,13%,33%,,6%,,,
Hackney North and Stoke Newington,E14000720,London,labour,13%,60%,17%,,0%,7%,3%,
Hackney South and Shoreditch,E14000721,London,labour,13%,65%,12%,,0%,6%,4%,
Halesowen and Rowley Regis,E14000722,West Midlands,conservative,54%,32%,7%,,3%,3%,,
Halifax,E14000723,Yorkshire and the Humber,labour,34%,48%,7%,,,2%,9%,
Haltemprice and Howden,E14000724,Yorkshire and the Humber,conservative,55%,26%,12%,,3%,5%,,
Halton,E14000725,North West,labour,25%,59%,6%,,,2%,9%,
Hammersmith,E14000726,London,labour,28%,51%,15%,,,3%,3%,
Hampstead and Kilburn,E14000727,London,labour,27%,47%,21%,,,3%,2%,
Harborough,E14000728,East Midlands,conservative,51%,24%,18%,,2%,4%,,
Harlow,E14000729,East of England,conservative,60%,31%,9%,,,,,
Harrogate and Knaresborough,E14000730,Yorkshire and the Humber,conservative,54%,14%,30%,,2%,,,
Harrow East,E14000731,London,conservative,48%,40%,8%,,,4%,,
Harrow West,E14000732,London,labour,32%,48%,11%,,,3%,6%,
Hartlepool,E14000733,North East,labour,32%,44%,9%,,1%,,14%,
Harwich and North Essex,E14000734,East of England,conservative,58%,23%,12%,,4%,3%,,
Hastings and Rye,E14000735,South East,conservative,45%,41%,12%,,3%,,,
Havant,E14000736,South East,conservative,60%,19%,15%,,2%,4%,,
Hayes and Harlington,E14000737,London,labour,31%,53%,5%,,2%,3%,7%,
Hazel Grove,E14000738,North West,conservative,46%,17%,37%,,,,,
Hemel Hempstead,E14000739,East of England,conservative,52%,33%,13%,,,2%,,
Hemsworth,E14000740,Yorkshire and the Humber,labour,32%,49%,5%,,3%,1%,11%,
Hendon,E14000741,London,conservative,47%,40%,10%,,,3%,,
Henley,E14000742,South East,conservative,54%,16%,28%,,,2%,,
Hereford and South Herefordshire,E14000743,West Midlands,conservative,59%,20%,15%,,,5%,,
Hertford and Stortford,E14000744,East of England,conservative,52%,26%,18%,,1%,3%,,
Hertsmere,E14000745,East of England,conservative,60%,22%,14%,,,4%,,
Hexham,E14000746,North East,conservative,51%,30%,17%,,,2%,,
Heywood and Middleton,E14000747,North West,labour,39%,42%,8%,,,2%,9%,
High Peak,E14000748,East Midlands,labour,40%,45%,8%,,,2%,4%,
Hitchin and Harpenden,E14000749,East of England,conservative,46%,28%,25%,,1%,,,
Holborn and St Pancras,E14000750,London,labour,18%,59%,14%,,3%,3%,3%,
Hornchurch and Upminster,E14000751,London,conservative,62%,23%,8%,,3%,3%,,
Hornsey and Wood Green,E14000752,London,labour,16%,56%,22%,,1%,2%,3%,
Horsham,E14000753,South East,conservative,54%,17%,22%,,2%,5%,,
Houghton and Sunderland South,E14000754,North East,labour,29%,48%,7%,,4%,3%,9%,
Hove,E14000755,South East,labour,26%,55%,7%,,1%,5%,6%,
Huddersfield,E14000756,Yorkshire and the Humber,labour,29%,48%,11%,,,5%,8%,
Huntingdon,E14000757,East of England,conservative,51%,24%,17%,,4%,4%,,
Hyndburn,E14000758,North West,labour,38%,46%,6%,,,1%,8%,
Ilford North,E14000759,London,labour,40%,42%,7%,,4%,1%,6%,
Ilford South,E14000760,London,labour,22%,58%,7%,,6%,3%,4%,
Ipswich,E14000761,East of England,labour,42%,42%,7%,,,5%,5%,
Isle of Wight,E14000762,South East,conservative,52%,23%,,,9%,17%,,
Islington North,E14000763,London,labour,13%,63%,15%,,0%,7%,3%,
Islington South and Finsbury,E14000764,London,labour,20%,53%,18%,,2%,4%,2%,
Jarrow,E14000765,North East,labour,24%,52%,6%,,3%,4%,10%,
Keighley,E14000766,Yorkshire and the Humber,conservative,48%,40%,8%,,1%,,3%,
Kenilworth and Southam,E14000767,West Midlands,conservative,50%,23%,22%,,3%,2%,,
Kensington,E14000768,London,conservative,37%,35%,23%,,1%,2%,2%,
Kettering,E14000769,East Midlands,conservative,54%,30%,9%,,2%,4%,,
Kingston and Surbiton,E14000770,London,libdem,36%,13%,46%,,1%,2%,2%,
Kingston upon Hull East,E14000771,Yorkshire and the Humber,labour,32%,47%,8%,,,3%,10%,
Kingston upon Hull North,E14000772,Yorkshire and the Humber,labour,25%,52%,11%,,,4%,8%,
Kingston upon Hull West and Hessle,E14000773,Yorkshire and the Humber,labour,33%,41%,15%,,,3%,8%,
Kingswood,E14000774,South West,conservative,52%,33%,9%,,3%,3%,,
Knowsley,E14000775,North West,labour,11%,69%,6%,,2%,3%,9%,
Lancaster and Fleetwood,E14000776,North West,labour,38%,46%,7%,,,3%,6%,
Leeds Central,E14000777,Yorkshire and the Humber,labour,20%,60%,7%,,1%,6%,6%,
Leeds East,E14000778,Yorkshire and the Humber,labour,32%,50%,6%,,,3%,9%,
Leeds North East,E14000779,Yorkshire and the Humber,labour,26%,52%,10%,,1%,3%,8%,
Leeds North West,E14000780,Yorkshire and the Humber,labour,23%,49%,22%,,,2%,5%,
Leeds West,E14000781,Yorkshire and the Humber,labour,26%,51%,7%,,2%,5%,9%,
Leicester East,E14000782,East Midlands,labour,23%,56%,8%,,1%,7%,5%,
Leicester South,E14000783,East Midlands,labour,19%,62%,6%,,,6%,6%,
Leicester West,E14000784,East Midlands,labour,27%,51%,7%,,,6%,8%,
Leigh,E14000785,North West,labour,35%,46%,6%,,2%,,10%,
Lewes,E14000786,South East,conservative,48%,7%,42%,,1%,2%,,
Lewisham East,E14000787,London,labour,22%,53%,15%,,1%,4%,4%,
Lewisham West and Penge,E14000788,London,labour,20%,51%,18%,,2%,3%,5%,
"Lewisham, Deptford",E14000789,London,labour,12%,67%,13%,,0%,4%,3%,
Leyton and Wanstead,E14000790,London,labour,19%,61%,13%,,1%,4%,4%,
Lichfield,E14000791,West Midlands,conservative,59%,23%,12%,,4%,2%,,
Lincoln,E14000792,East Midlands,conservative,45%,39%,6%,,1%,3%,6%,
"Liverpool, Riverside",E14000793,North West,labour,9%,73%,7%,,,6%,6%,
"Liverpool, Walton",E14000794,North West,labour,17%,71%,6%,,3%,4%,,
"Liverpool, Wavertree",E14000795,North West,labour,12%,68%,10%,,1%,3%,5%,
"Liverpool, West Derby",E14000796,North West,labour,12%,69%,5%,,4%,3%,7%,
Loughborough,E14000797,East Midlands,conservative,49%,34%,10%,,3%,4%,,
Louth and Horncastle,E14000798,East Midlands,conservative,63%,20%,11%,,6%,,,
Ludlow,E14000799,West Midlands,conservative,60%,19%,19%,,,2%,,
Luton North,E14000800,East of England,labour,32%,51%,6%,,4%,2%,6%,
Luton South,E14000801,East of England,labour,27%,53%,,,7%,6%,7%,
Macclesfield,E14000802,North West,conservative,49%,32%,14%,,,5%,,
Maidenhead,E14000803,South East,conservative,52%,15%,29%,,,5%,,
Maidstone and The Weald,E14000804,South East,conservative,54%,18%,23%,,3%,2%,,
Makerfield,E14000805,North West,labour,34%,48%,6%,,,2%,10%,
Maldon,E14000806,East of England,conservative,62%,17%,16%,,,5%,,
Manchester Central,E14000807,North West,labour,13%,69%,6%,,2%,6%,5%,
"Manchester, Gorton",E14000808,North West,labour,10%,66%,8%,,,6%,10%,
"Manchester, Withington",E14000809,North West,labour,11%,64%,19%,,,3%,3%,
Mansfield,E14000810,East Midlands,conservative,52%,38%,4%,,6%,,,
Meon Valley,E14000811,South East,conservative,59%,15%,24%,,,3%,,
Meriden,E14000812,West Midlands,conservative,56%,23%,15%,,,5%,,
Mid Bedfordshire,E14000813,East of England,conservative,55%,22%,16%,,2%,6%,,
Mid Derbyshire,E14000814,East Midlands,conservative,53%,29%,13%,,,5%,,
Mid Dorset and North Poole,E14000815,South West,conservative,58%,10%,30%,,,2%,,
Mid Norfolk,E14000816,East of England,conservative,56%,24%,17%,,3%,,,
Mid Sussex,E14000817,South East,conservative,50%,18%,25%,,3%,4%,,
Mid Worcestershire,E14000818,West Midlands,conservative,59%,16%,20%,,2%,4%,,
Middlesbrough,E14000819,North East,labour,27%,53%,6%,,4%,2%,7%,
Middlesbrough South and East Cleveland,E14000820,North East,labour,47%,47%,6%,,,1%,,
Milton Keynes North,E14000821,South East,conservative,44%,41%,11%,,,4%,,
Milton Keynes South,E14000822,South East,conservative,44%,38%,11%,,5%,2%,,
Mitcham and Morden,E14000823,London,labour,23%,55%,9%,,4%,3%,6%,
Mole Valley,E14000824,South East,conservative,55%,10%,32%,,2%,2%,,
Morecambe and Lunesdale,E14000825,North West,conservative,49%,39%,7%,,5%,1%,,
Morley and Outwood,E14000826,Yorkshire and the Humber,conservative,49%,39%,7%,,4%,1%,,
New Forest East,E14000827,South East,conservative,59%,16%,20%,,2%,3%,,
New Forest West,E14000828,South East,conservative,60%,16%,20%,,,4%,,
Newark,E14000829,East Midlands,conservative,57%,27%,15%,,,2%,,
Newbury,E14000830,South East,conservative,52%,11%,33%,,1%,2%,,
Newcastle upon Tyne Central,E14000831,North East,labour,20%,58%,10%,,,2%,9%,
Newcastle upon Tyne East,E14000832,North East,labour,23%,61%,14%,,,2%,,
Newcastle upon Tyne North,E14000833,North East,labour,31%,49%,10%,,,1%,9%,
Newcastle-under-Lyme,E14000834,West Midlands,labour,41%,43%,7%,,,1%,8%,
Newton Abbot,E14000835,South West,conservative,50%,17%,27%,,3%,2%,,
"Normanton, Pontefract and Castleford",E14000836,Yorkshire and the Humber,labour,34%,45%,5%,,2%,,13%,
North Cornwall,E14000837,South West,conservative,52%,9%,36%,,4%,,,
North Devon,E14000838,South West,conservative,47%,11%,37%,,3%,2%,,
North Dorset,E14000839,South West,conservative,58%,14%,24%,,,3%,,
North Durham,E14000840,North East,labour,27%,49%,10%,,2%,1%,11%,
North East Bedfordshire,E14000841,East of England,conservative,54%,23%,18%,,3%,2%,,
North East Cambridgeshire,E14000842,East of England,conservative,64%,18%,14%,,,5%,,
North East Derbyshire,E14000843,East Midlands,conservative,47%,41%,9%,,,3%,,
North East Hampshire,E14000844,South East,conservative,52%,13%,29%,,3%,2%,,
North East Hertfordshire,E14000845,East of England,conservative,52%,25%,18%,,,5%,,
North East Somerset,E14000846,South West,conservative,46%,26%,23%,,2%,3%,,
North Herefordshire,E14000847,West Midlands,conservative,59%,14%,23%,,,4%,,
North Norfolk,E14000848,East of England,conservative,52%,8%,36%,,,,4%,
North Shropshire,E14000849,West Midlands,conservative,57%,27%,10%,,1%,4%,,
North Somerset,E14000850,South West,conservative,53%,23%,20%,,,4%,,
North Swindon,E14000851,South West,conservative,54%,32%,8%,,,6%,,
North Thanet,E14000852,South East,conservative,59%,29%,9%,,,3%,,
North Tyneside,E14000853,North East,labour,28%,51%,6%,,,4%,11%,
North Warwickshire,E14000854,West Midlands,conservative,59%,29%,7%,,,4%,,
North West Cambridgeshire,E14000855,East of England,conservative,55%,27%,14%,,,4%,,
North West Durham,E14000856,North East,labour,30%,42%,10%,,3%,4%,11%,
North West Hampshire,E14000857,South East,conservative,56%,18%,21%,,,4%,,
North West Leicestershire,E14000858,East Midlands,conservative,55%,26%,13%,,1%,4%,,
North West Norfolk,E14000859,East of England,conservative,60%,27%,9%,,,4%,,
North Wiltshire,E14000860,South West,conservative,56%,14%,28%,,,2%,,
Northampton North,E14000861,East Midlands,conservative,50%,39%,7%,,,4%,,
Northampton South,E14000862,East Midlands,conservative,49%,37%,9%,,,5%,,
Norwich North,E14000863,East of England,conservative,48%,40%,7%,,2%,3%,,
Norwich South,E14000864,East of England,labour,27%,49%,13%,,,6%,5%,
Nottingham East,E14000865,East Midlands,labour,22%,62%,7%,,1%,4%,5%,
Nottingham North,E14000866,East Midlands,labour,31%,49%,7%,,,4%,10%,
Nottingham South,E14000867,East Midlands,labour,25%,54%,10%,,,4%,7%,
Nuneaton,E14000868,West Midlands,conservative,55%,35%,8%,,,3%,,
Old Bexley and Sidcup,E14000869,London,conservative,61%,24%,9%,,3%,4%,,
Oldham East and Saddleworth,E14000870,North West,labour,32%,43%,9%,,4%,1%,11%,
Oldham West and Royton,E14000871,North West,labour,29%,48%,5%,,5%,2%,11%,
Orpington,E14000872,London,conservative,61%,21%,15%,,,3%,,
Oxford East,E14000873,South East,labour,18%,58%,16%,,1%,5%,3%,
Oxford West and Abingdon,E14000874,South East,libdem,35%,10%,53%,,,,3%,
Pendle,E14000875,North West,conservative,49%,38%,8%,,2%,2%,,
Penistone and Stocksbridge,E14000876,Yorkshire and the Humber,conservative,44%,37%,9%,,,,10%,
Penrith and The Border,E14000877,North West,conservative,58%,21%,14%,,4%,2%,,
Peterborough,E14000878,East of England,conservative,43%,41%,7%,,2%,3%,5%,
"Plymouth, Moor View",E14000879,South West,conservative,56%,33%,6%,,,5%,,
"Plymouth, Sutton and Devonport",E14000880,South West,labour,38%,49%,6%,,,3%,4%,
Poole,E14000881,South West,conservative,56%,24%,14%,,2%,3%,,
Poplar and Limehouse,E14000882,London,labour,20%,54%,15%,,1%,4%,5%,
Portsmouth North,E14000883,South East,conservative,52%,30%,13%,,2%,3%,,
Portsmouth South,E14000884,South East,labour,34%,44%,18%,,1%,,3%,
Preston,E14000885,North West,labour,23%,58%,6%,,,5%,8%,
Pudsey,E14000886,Yorkshire and the Humber,conservative,44%,42%,8%,,4%,2%,,
Putney,E14000887,London,conservative,40%,36%,21%,,,2%,,
Rayleigh and Wickford,E14000888,East of England,conservative,66%,20%,10%,,,4%,,
Reading East,E14000889,South East,labour,38%,43%,10%,,1%,6%,3%,
Reading West,E14000890,South East,conservative,48%,38%,11%,,,2%,,
Redcar,E14000891,North East,labour,35%,42%,7%,,2%,4%,11%,
Redditch,E14000892,West Midlands,conservative,58%,28%,10%,,,3%,,
Reigate,E14000893,South East,conservative,52%,18%,22%,,2%,5%,,
Ribble Valley,E14000894,North West,conservative,50%,30%,13%,,3%,3%,,
Richmond (Yorks),E14000895,Yorkshire and the Humber,conservative,60%,19%,12%,,4%,5%,,
Richmond Park,E14000896,London,libdem,39%,10%,52%,,0%,,,
Rochdale,E14000897,North West,labour,26%,52%,10%,,,2%,10%,
Rochester and Strood,E14000898,South East,conservative,55%,28%,10%,,4%,4%,,
Rochford and Southend East,E14000899,East of England,conservative,51%,32%,12%,,5%,,,
Romford,E14000900,London,conservative,62%,25%,6%,,,7%,,
Romsey and Southampton North,E14000901,South East,conservative,48%,15%,31%,,5%,,,
Rossendale and Darwen,E14000902,North West,conservative,51%,37%,9%,,,3%,,
Rother Valley,E14000903,Yorkshire and the Humber,conservative,36%,34%,9%,,2%,4%,15%,
Rotherham,E14000904,Yorkshire and the Humber,labour,30%,48%,8%,,3%,,12%,
Rugby,E14000905,West Midlands,conservative,53%,32%,11%,,,3%,,
"Ruislip, Northwood and Pinner",E14000906,London,conservative,52%,26%,18%,,1%,4%,,
Runnymede and Weybridge,E14000907,South East,conservative,55%,22%,17%,,3%,3%,,
Rushcliffe,E14000908,East Midlands,conservative,46%,35%,15%,,4%,,,
Rutland and Melton,E14000909,East Midlands,conservative,54%,18%,20%,,1%,7%,,
Saffron Walden,E14000910,East of England,conservative,56%,18%,24%,,,2%,,
Salford and Eccles,E14000911,North West,labour,26%,55%,7%,,,4%,9%,
Salisbury,E14000912,South West,conservative,50%,22%,19%,,3%,7%,,
Scarborough and Whitby,E14000913,Yorkshire and the Humber,conservative,53%,37%,7%,,3%,,,
Scunthorpe,E14000914,Yorkshire and the Humber,labour,38%,43%,5%,,,3%,11%,
Sedgefield,E14000915,North East,labour,39%,40%,10%,,3%,2%,5%,
Sefton Central,E14000916,North West,labour,30%,52%,8%,,2%,2%,6%,
Selby and Ainsty,E14000917,Yorkshire and the Humber,conservative,57%,27%,10%,,3%,3%,,
Sevenoaks,E14000918,South East,conservative,55%,18%,18%,,5%,4%,,
Sheffield Central,E14000919,Yorkshire and the Humber,labour,12%,66%,8%,,0%,7%,7%,
Sheffield South East,E14000920,Yorkshire and the Humber,labour,34%,46%,6%,,4%,,10%,
"Sheffield, Brightside and Hillsborough",E14000921,Yorkshire and the Humber,labour,23%,56%,6%,,1%,5%,10%,
"Sheffield, Hallam",E14000922,Yorkshire and the Humber,labour,24%,37%,30%,,2%,3%,4%,
"Sheffield, Heeley",E14000923,Yorkshire and the Humber,labour,34%,47%,8%,,,4%,7%,
Sherwood,E14000924,East Midlands,conservative,53%,35%,7%,,4%,2%,,
Shipley,E14000925,Yorkshire and the Humber,conservative,52%,34%,8%,,4%,2%,,
Shrewsbury and Atcham,E14000926,West Midlands,conservative,50%,35%,11%,,2%,2%,,
Sittingbourne and Sheppey,E14000927,South East,conservative,56%,25%,10%,,6%,2%,,
Skipton and Ripon,E14000928,Yorkshire and the Humber,conservative,58%,22%,10%,,2%,8%,,
Sleaford and North Hykeham,E14000929,East Midlands,conservative,61%,20%,11%,,6%,3%,,
Slough,E14000930,South East,labour,32%,47%,10%,,,4%,7%,
Solihull,E14000931,West Midlands,conservative,56%,17%,24%,,,3%,,
Somerton and Frome,E14000932,South West,conservative,52%,14%,31%,,,3%,,
South Basildon and East Thurrock,E14000933,East of England,conservative,61%,27%,7%,,5%,,,
South Cambridgeshire,E14000934,East of England,conservative,47%,23%,30%,,,,,
South Derbyshire,E14000935,East Midlands,conservative,57%,27%,10%,,,6%,,
South Dorset,E14000936,South West,conservative,55%,28%,10%,,2%,5%,,
South East Cambridgeshire,E14000937,East of England,conservative,49%,21%,27%,,2%,,,
South East Cornwall,E14000938,South West,conservative,54%,19%,22%,,2%,2%,,
South Holland and The Deepings,E14000939,East Midlands,conservative,68%,14%,10%,,1%,6%,,
South Leicestershire,E14000940,East Midlands,conservative,58%,23%,13%,,,6%,,
South Norfolk,E14000941,East of England,conservative,54%,28%,16%,,,3%,,
South Northamptonshire,E14000942,East Midlands,conservative,59%,20%,13%,,2%,6%,,
South Ribble,E14000943,North West,conservative,54%,34%,8%,,,3%,,
South Shields,E14000944,North East,labour,27%,51%,7%,,1%,6%,10%,
South Staffordshire,E14000945,West Midlands,conservative,65%,19%,11%,,,5%,,
South Suffolk,E14000946,East of England,conservative,59%,20%,16%,,,5%,,
South Swindon,E14000947,South West,conservative,48%,43%,9%,,,,,
South Thanet,E14000948,South East,conservative,51%,34%,8%,,,6%,,
South West Bedfordshire,E14000949,East of England,conservative,55%,28%,11%,,,6%,,
South West Devon,E14000950,South West,conservative,60%,25%,11%,,,4%,,
South West Hertfordshire,E14000951,East of England,conservative,53%,19%,21%,,4%,2%,,
South West Norfolk,E14000952,East of England,conservative,59%,22%,14%,,4%,1%,,
South West Surrey,E14000953,South East,conservative,55%,13%,32%,,,,,
South West Wiltshire,E14000954,South West,conservative,56%,24%,16%,,,5%,,
"Southampton, Itchen",E14000955,South East,conservative,49%,38%,7%,,3%,2%,,
"Southampton, Test",E14000956,South East,labour,33%,48%,10%,,3%,2%,4%,
Southend West,E14000957,East of England,conservative,56%,25%,12%,,7%,,,
Southport,E14000958,North West,conservative,41%,34%,25%,,,,,
Spelthorne,E14000959,South East,conservative,57%,27%,13%,,,3%,,
St Albans,E14000960,East of England,libdem,38%,19%,41%,,1%,1%,,
St Austell and Newquay,E14000961,South West,conservative,51%,26%,18%,,4%,1%,,
St Helens North,E14000962,North West,labour,27%,53%,6%,,,4%,10%,
St Helens South and Whiston,E14000963,North West,labour,23%,57%,6%,,,5%,9%,
St Ives,E14000964,South West,conservative,48%,11%,35%,,6%,1%,,
Stafford,E14000965,West Midlands,conservative,54%,35%,7%,,,3%,,
Staffordshire Moorlands,E14000966,West Midlands,conservative,60%,28%,10%,,,3%,,
Stalybridge and Hyde,E14000967,North West,labour,30%,47%,10%,,1%,4%,8%,
Stevenage,E14000968,East of England,conservative,48%,38%,11%,,,3%,,
Stockport,E14000969,North West,labour,25%,52%,14%,,,2%,7%,
Stockton North,E14000970,North East,labour,33%,47%,7%,,2%,,11%,
Stockton South,E14000971,North East,conservative,45%,41%,8%,,,,5%,
Stoke-on-Trent Central,E14000972,West Midlands,conservative,44%,40%,6%,,,2%,7%,
Stoke-on-Trent North,E14000973,West Midlands,conservative,42%,39%,6%,,1%,2%,10%,
Stoke-on-Trent South,E14000974,West Midlands,conservative,54%,40%,6%,,,,,
Stone,E14000975,West Midlands,conservative,58%,25%,14%,,,3%,,
Stourbridge,E14000976,West Midlands,conservative,57%,29%,9%,,2%,4%,,
Stratford-on-Avon,E14000977,West Midlands,conservative,58%,18%,21%,,,3%,,
Streatham,E14000978,London,labour,18%,55%,19%,,,5%,3%,
Stretford and Urmston,E14000979,North West,labour,27%,52%,6%,,,4%,11%,
Stroud,E14000980,South West,conservative,43%,41%,,,1%,10%,5%,
Suffolk Coastal,E14000981,East of England,conservative,54%,25%,14%,,3%,5%,,
Sunderland Central,E14000982,North East,labour,32%,47%,7%,,1%,4%,9%,
Surrey Heath,E14000983,South East,conservative,56%,15%,23%,,4%,3%,,
Sutton and Cheam,E14000984,London,conservative,50%,14%,34%,,,2%,,
Sutton Coldfield,E14000985,West Midlands,conservative,55%,25%,17%,,,2%,,
Tamworth,E14000986,West Midlands,conservative,60%,28%,9%,,2%,1%,,
Tatton,E14000987,North West,conservative,52%,24%,22%,,,3%,,
Taunton Deane,E14000988,South West,conservative,54%,10%,31%,,5%,,,
Telford,E14000989,West Midlands,conservative,51%,39%,10%,,,,,
Tewkesbury,E14000990,South West,conservative,52%,20%,25%,,,4%,,
The Cotswolds,E14000991,South West,conservative,55%,14%,27%,,,4%,,
The Wrekin,E14000992,West Midlands,conservative,58%,29%,9%,,,3%,,
Thirsk and Malton,E14000993,Yorkshire and the Humber,conservative,59%,23%,12%,,4%,3%,,
Thornbury and Yate,E14000994,South West,conservative,52%,11%,37%,,,,,
Thurrock,E14000995,East of England,conservative,49%,31%,7%,,8%,5%,,
Tiverton and Honiton,E14000996,South West,conservative,57%,20%,17%,,2%,4%,,
Tonbridge and Malling,E14000997,South East,conservative,58%,18%,18%,,,6%,,
Tooting,E14000998,London,labour,27%,50%,14%,,1%,4%,2%,
Torbay,E14000999,South West,conservative,52%,14%,30%,,3%,1%,,
Torridge and West Devon,E14001000,South West,conservative,52%,17%,25%,,2%,3%,,
Totnes,E14001001,South West,conservative,49%,26%,23%,,2%,,,
Tottenham,E14001002,London,labour,12%,66%,13%,,1%,5%,3%,
Truro and Falmouth,E14001003,South West,conservative,46%,35%,15%,,2%,2%,,
Tunbridge Wells,E14001004,South East,conservative,49%,22%,23%,,6%,,,
Twickenham,E14001005,London,libdem,38%,9%,53%,,,,1%,
Tynemouth,E14001006,North East,labour,33%,48%,10%,,,2%,7%,
Uxbridge and South Ruislip,E14001007,London,conservative,49%,31%,12%,,6%,2%,,
Vauxhall,E14001008,London,labour,17%,53%,23%,,1%,3%,2%,
Wakefield,E14001009,Yorkshire and the Humber,labour,39%,40%,8%,,5%,,9%,
Wallasey,E14001010,North West,labour,24%,60%,6%,,,3%,7%,
Walsall North,E14001011,West Midlands,conservative,54%,35%,7%,,,4%,,
Walsall South,E14001012,West Midlands,labour,38%,48%,6%,,1%,2%,6%,
Walthamstow,E14001013,London,labour,14%,63%,10%,,1%,6%,6%,
Wansbeck,E14001014,North East,labour,30%,43%,11%,,1%,3%,11%,
Wantage,E14001015,South East,conservative,47%,21%,29%,,3%,,,
Warley,E14001016,West Midlands,labour,25%,54%,7%,,,5%,8%,
Warrington North,E14001017,North West,labour,32%,47%,7%,,,6%,8%,
Warrington South,E14001018,North West,conservative,44%,41%,11%,,1%,,3%,
Warwick and Leamington,E14001019,West Midlands,labour,41%,42%,12%,,0%,2%,3%,
Washington and Sunderland West,E14001020,North East,labour,28%,50%,8%,,1%,3%,10%,
Watford,E14001021,East of England,conservative,44%,35%,18%,,2%,,,
Waveney,E14001022,East of England,conservative,56%,28%,8%,,2%,7%,,
Wealden,E14001023,South East,conservative,58%,18%,20%,,,4%,,
Weaver Vale,E14001024,North West,labour,41%,46%,6%,,,3%,3%,
Wellingborough,E14001025,East Midlands,conservative,60%,27%,8%,,,6%,,
Wells,E14001026,South West,conservative,50%,8%,37%,,5%,,,
Welwyn Hatfield,E14001027,East of England,conservative,48%,35%,14%,,,4%,,
Wentworth and Dearne,E14001028,Yorkshire and the Humber,labour,30%,52%,7%,,3%,,9%,
West Bromwich East,E14001029,West Midlands,labour,39%,44%,7%,,0%,3%,7%,
West Bromwich West,E14001030,West Midlands,conservative,43%,36%,8%,,,3%,10%,
West Dorset,E14001031,South West,conservative,55%,14%,28%,,,2%,,
West Ham,E14001032,London,labour,16%,58%,13%,,1%,3%,8%,
West Lancashire,E14001033,North West,labour,33%,52%,6%,,,2%,7%,
West Suffolk,E14001034,East of England,conservative,59%,25%,12%,,,5%,,
West Worcestershire,E14001035,West Midlands,conservative,58%,19%,19%,,,4%,,
Westminster North,E14001036,London,labour,32%,48%,13%,,2%,4%,2%,
Westmorland and Lonsdale,E14001037,North West,libdem,42%,6%,47%,,,,4%,
Weston-Super-Mare,E14001038,South West,conservative,53%,29%,15%,,,3%,,
Wigan,E14001039,North West,labour,28%,52%,7%,,,3%,9%,
Wimbledon,E14001040,London,conservative,41%,27%,30%,,2%,,,
Winchester,E14001041,South East,libdem,43%,8%,47%,,2%,,,
Windsor,E14001042,South East,conservative,54%,17%,21%,,3%,5%,,
Wirral South,E14001043,North West,labour,35%,46%,11%,,,2%,5%,
Wirral West,E14001044,North West,labour,36%,46%,8%,,,3%,6%,
Witham,E14001045,East of England,conservative,59%,21%,13%,,,7%,,
Witney,E14001046,South East,conservative,51%,16%,33%,,,,,
Woking,E14001047,South East,conservative,49%,18%,28%,,3%,2%,,
Wokingham,E14001048,South East,conservative,52%,17%,27%,,3%,1%,,
Wolverhampton North East,E14001049,West Midlands,labour,38%,43%,6%,,,4%,9%,
Wolverhampton South East,E14001050,West Midlands,labour,34%,48%,5%,,,3%,10%,
Wolverhampton South West,E14001051,West Midlands,labour,37%,43%,10%,,,,9%,
Worcester,E14001052,West Midlands,conservative,50%,36%,10%,,1%,3%,,
Workington,E14001053,North West,labour,36%,43%,6%,,4%,4%,7%,
Worsley and Eccles South,E14001054,North West,labour,35%,48%,7%,,,4%,6%,
Worthing West,E14001055,South East,conservative,56%,28%,12%,,2%,3%,,
Wycombe,E14001056,South East,conservative,49%,31%,14%,,3%,3%,,
Wyre and Preston North,E14001057,North West,conservative,55%,28%,10%,,3%,4%,,
Wyre Forest,E14001058,West Midlands,conservative,62%,24%,10%,,,4%,,
Wythenshawe and Sale East,E14001059,North West,labour,28%,49%,9%,,1%,4%,9%,
Yeovil,E14001060,South West,conservative,53%,8%,35%,,2%,3%,,
York Central,E14001061,Yorkshire and the Humber,labour,26%,55%,10%,,2%,3%,4%,
York Outer,E14001062,Yorkshire and the Humber,conservative,47%,33%,17%,,3%,,,
Aberdeen North,S14000001,Scotland,snp,23%,22%,7%,46%,,0%,1%,
Aberdeen South,S14000002,Scotland,conservative,38%,14%,13%,35%,,,,
Airdrie and Shotts,S14000003,Scotland,snp,23%,33%,9%,34%,,1%,,
Angus,S14000004,Scotland,snp,40%,9%,8%,43%,,,,
Argyll and Bute,S14000005,Scotland,snp,31%,8%,25%,37%,,,,
"Ayr, Carrick and Cumnock",S14000006,Scotland,conservative,39%,17%,8%,37%,,,,
Banff and Buchan,S14000007,Scotland,conservative,49%,5%,7%,40%,,,,
"Berwickshire, Roxburgh and Selkirk",S14000008,Scotland,conservative,49%,5%,13%,33%,,,,
"Caithness, Sutherland and Easter Ross",S14000009,Scotland,snp,26%,12%,26%,31%,,,5%,
Central Ayrshire,S14000010,Scotland,snp,34%,17%,11%,38%,,,,
"Coatbridge, Chryston and Bellshill",S14000011,Scotland,labour,19%,38%,4%,37%,,1%,,
"Cumbernauld, Kilsyth and Kirkintilloch East",S14000012,Scotland,snp,21%,26%,7%,45%,,,,
Dumfries and Galloway,S14000013,Scotland,conservative,43%,14%,8%,34%,,,,
"Dumfriesshire, Clydesdale and Tweeddale",S14000014,Scotland,conservative,46%,10%,11%,33%,,,,
Dundee East,S14000015,Scotland,snp,26%,19%,8%,45%,3%,,,
Dundee West,S14000016,Scotland,snp,18%,31%,6%,42%,2%,,2%,
Dunfermline and West Fife,S14000017,Scotland,snp,27%,25%,11%,36%,,2%,,
East Dunbartonshire,S14000018,Scotland,libdem,21%,11%,33%,32%,1%,2%,,
"East Kilbride, Strathaven and Lesmahagow",S14000019,Scotland,snp,23%,25%,10%,39%,2%,1%,,
East Lothian,S14000020,Scotland,labour,26%,38%,5%,31%,1%,,,
East Renfrewshire,S14000021,Scotland,conservative,35%,23%,8%,34%,,,,
Edinburgh East,S14000022,Scotland,snp,19%,30%,8%,42%,,1%,,
Edinburgh North and Leith,S14000023,Scotland,snp,24%,20%,11%,41%,0%,2%,1%,
Edinburgh South,S14000024,Scotland,labour,20%,50%,7%,20%,,4%,,
Edinburgh South West,S14000025,Scotland,snp,27%,17%,10%,43%,1%,1%,1%,
Edinburgh West,S14000026,Scotland,libdem,23%,9%,35%,31%,,1%,,
Na h-Eileanan an Iar,S14000027,Scotland,snp,22%,27%,4%,47%,,,,
Falkirk,S14000028,Scotland,snp,24%,24%,7%,42%,,3%,,
Glasgow Central,S14000029,Scotland,snp,14%,37%,8%,41%,,0%,,
Glasgow East,S14000030,Scotland,snp,22%,34%,6%,39%,,,,
Glasgow North,S14000031,Scotland,snp,15%,31%,12%,39%,,3%,1%,
Glasgow North East,S14000032,Scotland,labour,17%,44%,3%,36%,,,,
Glasgow North West,S14000033,Scotland,snp,20%,32%,8%,41%,,,,
Glasgow South,S14000034,Scotland,snp,19%,30%,8%,41%,,2%,1%,
Glasgow South West,S14000035,Scotland,snp,19%,32%,7%,41%,,,1%,
Glenrothes,S14000036,Scotland,snp,21%,25%,11%,40%,,,2%,
Gordon,S14000037,Scotland,snp,40%,8%,11%,42%,,,,
Inverclyde,S14000038,Scotland,snp,23%,32%,7%,38%,,,,
"Inverness, Nairn, Badenoch and Strathspey",S14000039,Scotland,snp,29%,9%,14%,45%,,1%,2%,
Kilmarnock and Loudoun,S14000040,Scotland,snp,26%,22%,8%,43%,2%,,,
Kirkcaldy and Cowdenbeath,S14000041,Scotland,snp,25%,33%,6%,34%,,1%,1%,
Lanark and Hamilton East,S14000042,Scotland,snp,33%,25%,9%,33%,,,,
Linlithgow and East Falkirk,S14000043,Scotland,snp,26%,23%,11%,35%,1%,1%,2%,
Livingston,S14000044,Scotland,snp,26%,24%,7%,41%,,1%,,
Midlothian,S14000045,Scotland,snp,25%,32%,5%,38%,,,,
Moray,S14000046,Scotland,conservative,48%,6%,9%,37%,1%,,,
Motherwell and Wishaw,S14000047,Scotland,snp,23%,33%,7%,37%,1%,,,
North Ayrshire and Arran,S14000048,Scotland,snp,34%,18%,10%,38%,,1%,,
North East Fife,S14000049,Scotland,libdem,25%,6%,38%,31%,,,,
Ochil and South Perthshire,S14000050,Scotland,conservative,39%,14%,9%,37%,1%,,,
Orkney and Shetland,S14000051,Scotland,libdem,14%,9%,45%,23%,0%,,8%,
Paisley and Renfrewshire North,S14000052,Scotland,snp,29%,23%,8%,39%,,,,
Paisley and Renfrewshire South,S14000053,Scotland,snp,22%,28%,11%,39%,,,,
Perth and North Perthshire,S14000054,Scotland,snp,39%,7%,9%,44%,,,1%,
"Ross, Skye and Lochaber",S14000055,Scotland,snp,27%,6%,23%,41%,1%,,1%,
Rutherglen and Hamilton West,S14000056,Scotland,snp,22%,33%,5%,39%,1%,,,
Stirling,S14000057,Scotland,snp,35%,17%,8%,40%,,1%,,
West Aberdeenshire and Kincardine,S14000058,Scotland,conservative,43%,7%,16%,35%,,,,
West Dunbartonshire,S14000059,Scotland,snp,18%,33%,6%,40%,1%,1%,,
Ynys Mon,W07000041,Wales,labour,33%,39%,,,,,9%,19%
Delyn,W07000042,Wales,labour,42%,43%,9%,,,,5%,3%
Alyn and Deeside,W07000043,Wales,labour,39%,39%,11%,,,,8%,3%
Wrexham,W07000044,Wales,labour,38%,41%,7%,,,3%,7%,4%
Llanelli,W07000045,Wales,labour,28%,45%,,,,,13%,14%
Gower,W07000046,Wales,labour,42%,44%,5%,,,,5%,5%
Swansea West,W07000047,Wales,labour,29%,54%,6%,,,,5%,5%
Swansea East,W07000048,Wales,labour,28%,52%,4%,,,0%,7%,9%
Aberavon,W07000049,Wales,labour,19%,54%,7%,,2%,1%,11%,7%
Cardiff Central,W07000050,Wales,labour,18%,58%,18%,,1%,,5%,
Cardiff North,W07000051,Wales,labour,37%,44%,11%,,1%,0%,3%,4%
Rhondda,W07000052,Wales,labour,13%,55%,6%,,,1%,13%,13%
Torfaen,W07000053,Wales,labour,32%,45%,8%,,,1%,9%,5%
Monmouth,W07000054,Wales,conservative,50%,30%,13%,,2%,2%,,3%
Newport East,W07000055,Wales,labour,33%,45%,9%,,,1%,8%,5%
Newport West,W07000056,Wales,labour,38%,42%,7%,,,4%,3%,5%
Arfon,W07000057,Wales,labour,20%,39%,,,,,3%,38%
Aberconwy,W07000058,Wales,conservative,43%,39%,7%,,,,,10%
Clwyd West,W07000059,Wales,conservative,50%,34%,7%,,,,,10%
Vale of Clwyd,W07000060,Wales,conservative,48%,41%,3%,,,,3%,4%
Dwyfor Meirionnydd,W07000061,Wales,plaid,33%,19%,,,,,6%,42%
Clwyd South,W07000062,Wales,labour,36%,44%,9%,,,,6%,6%
Montgomeryshire,W07000063,Wales,conservative,53%,14%,32%,,1%,,,
Ceredigion,W07000064,Wales,plaid,22%,18%,21%,,,0%,11%,28%
Preseli Pembrokeshire,W07000065,Wales,conservative,49%,38%,6%,,,,,7%
Carmarthen West and South Pembrokeshire,W07000066,Wales,conservative,50%,34%,6%,,,,,10%
Carmarthen East and Dinefwr,W07000067,Wales,plaid,29%,25%,,,,,7%,39%
Brecon and Radnorshire,W07000068,Wales,conservative,52%,16%,30%,,1%,,,
Neath,W07000069,Wales,labour,26%,47%,7%,,3%,1%,5%,10%
Cynon Valley,W07000070,Wales,labour,22%,50%,6%,,4%,,8%,11%
Merthyr Tydfil and Rhymney,W07000071,Wales,labour,21%,54%,7%,,1%,,13%,4%
Blaenau Gwent,W07000072,Wales,labour,18%,51%,10%,,,4%,12%,5%
Bridgend,W07000073,Wales,labour,37%,40%,8%,,,2%,8%,6%
Ogmore,W07000074,Wales,labour,27%,51%,6%,,,1%,9%,7%
Pontypridd,W07000075,Wales,labour,28%,49%,,,5%,,7%,11%
Caerphilly,W07000076,Wales,labour,28%,47%,,,,,10%,15%
Islwyn,W07000077,Wales,labour,28%,49%,8%,,,2%,9%,5%
Vale of Glamorgan,W07000078,Wales,conservative,52%,43%,,,1%,3%,,
Cardiff West,W07000079,Wales,labour,31%,49%,7%,,,1%,6%,6%
Cardiff South and Penarth,W07000080,Wales,labour,32%,48%,6%,,,2%,6%,6%